msoa,community
E02004417,0
E02006383,0
E02000810,0
E02000822,0
E02000808,0
E02000788,0
E02006802,0
E02006343,0
E02005063,0
E02003316,0
E02000691,0
E02000642,0
E02000807,0
E02003347,0
E02000687,0
E02000675,0
E02005000,0
E02000526,0
E02000707,0
E02006548,0
E02000237,0
E02000580,0
E02006392,0
E02004357,0
E02000130,0
E02005141,0
E02000631,0
E02006591,0
E02000388,0
E02006595,0
E02003513,0
E02006988,0
E02000789,0
E02006317,0
E02000081,0
E02006601,0
E02005165,0
E02000075,0
E02000374,0
E02000250,0
E02005060,0
E02000340,0
E02003344,0
E02000594,0
E02006545,0
E02000706,0
E02003522,0
E02000583,0
E02000929,0
E02000853,0
E02000978,0
E02000837,0
E02000380,0
E02006536,0
E02003314,0
E02006603,0
E02000226,0
E02006578,0
E02000324,0
E02003332,0
E02000857,0
E02000221,0
E02000138,0
E02006582,0
E02000662,0
E02005104,0
E02000952,0
E02003327,0
E02000083,0
E02000785,0
E02006336,0
E02006330,0
E02006786,0
E02000595,0
E02003324,0
E02000395,0
E02006372,0
E02005154,0
E02006334,0
E02000201,0
E02006377,0
E02006792,0
E02000086,0
E02000147,0
E02004356,0
E02005015,0
E02004405,0
E02004374,0
E02005146,0
E02006541,0
E02004364,0
E02006606,0
E02005113,0
E02000206,0
E02000682,0
E02003323,0
E02005080,0
E02006592,0
E02006801,0
E02006341,0
E02006584,0
E02000943,0
E02004397,0
E02000832,0
E02005066,0
E02003334,0
E02000957,0
E02000614,0
E02005065,0
E02004413,0
E02005103,0
E02006789,0
E02000373,0
E02000951,0
E02005150,0
E02000066,0
E02000092,0
E02006994,0
E02000926,0
E02000089,0
E02000667,0
E02000391,0
E02006323,0
E02000215,0
E02000596,0
E02000154,0
E02005052,0
E02000841,0
E02007046,0
E02004414,0
E02005025,0
E02000676,0
E02006785,0
E02000641,0
E02000333,0
E02006376,0
E02000132,0
E02000671,0
E02000979,0
E02000705,0
E02000795,0
E02004388,0
E02000231,0
E02000972,0
E02005016,0
E02000645,0
E02000647,0
E02000137,0
E02000677,0
E02000601,0
E02000392,0
E02000828,0
E02006322,0
E02000844,0
E02000930,0
E02000663,0
E02000685,0
E02000655,0
E02005022,0
E02000193,0
E02005051,0
E02000611,0
E02000214,0
E02004380,0
E02005145,0
E02006535,0
E02006600,0
E02000329,0
E02006928,0
E02006438,0
E02000532,0
E02006433,0
E02006379,0
E02000833,0
E02000341,0
E02000320,0
E02000940,0
E02000390,0
E02000144,0
E02000230,0
E02000713,0
E02000824,0
E02005032,0
E02004421,0
E02003336,0
E02003346,0
E02000669,0
E02005140,0
E02000210,0
E02000318,0
E02000146,0
E02004406,0
E02000142,0
E02000692,0
E02003516,0
E02000151,0
E02000949,0
E02005078,0
E02000798,0
E02000315,0
E02006879,0
E02000630,0
E02000693,0
E02000935,0
E02006783,0
E02000818,0
E02005101,0
E02000161,0
E02000578,0
E02005028,0
E02000202,0
E02000956,0
E02006382,0
E02005026,0
E02000786,0
E02006782,0
E02006580,0
E02000615,0
E02006858,0
E02005136,0
E02000860,0
E02000606,0
E02000848,0
E02003333,0
E02000208,0
E02005045,0
E02003497,0
E02003519,0
E02004419,0
E02006388,0
E02000135,0
E02000376,0
E02004390,0
E02003496,0
E02000666,0
E02000834,0
E02000644,0
E02006856,0
E02005062,0
E02004401,0
E02003517,0
E02005035,0
E02000814,0
E02000670,0
E02000328,0
E02000331,0
E02003498,0
E02006579,0
E02000842,0
E02000379,0
E02000791,0
E02004398,0
E02005147,0
E02005149,0
E02004403,0
E02005095,0
E02006339,0
E02000233,0
E02003325,0
E02006788,0
E02005083,0
E02005027,0
E02004384,0
E02000228,0
E02006854,0
E02004381,0
E02004404,0
E02000323,0
E02006604,0
E02000947,0
E02006437,0
E02005144,0
E02000162,0
E02005006,0
E02005158,0
E02000704,0
E02005112,0
E02000793,0
E02000589,0
E02005041,0
E02000163,0
E02004375,0
E02000699,0
E02006368,0
E02006324,0
E02000845,0
E02006375,0
E02004385,0
E02006386,0
E02003520,0
E02000141,0
E02000394,0
E02006549,0
E02004362,0
E02003319,0
E02005040,0
E02005043,0
E02000216,0
E02000343,0
E02003329,0
E02006787,0
E02003495,0
E02003494,0
E02006790,0
E02004383,0
E02000198,0
E02004378,0
E02000859,0
E02005134,0
E02000702,0
E02000585,0
E02005115,0
E02000802,0
E02005093,0
E02000232,0
E02006333,0
E02000616,0
E02004372,0
E02006552,0
E02000587,0
E02004368,0
E02005007,0
E02000654,0
E02000829,0
E02000792,0
E02005072,0
E02000381,0
E02000708,0
E02006381,0
E02000953,0
E02000613,0
E02006363,0
E02005107,0
E02000389,0
E02006602,0
E02000927,0
E02004358,0
E02003505,0
E02005061,0
E02005042,0
E02000079,0
E02004359,0
E02004394,0
E02006431,0
E02000830,0
E02006391,0
E02005002,0
E02005046,0
E02005126,0
E02006968,0
E02006581,0
E02000632,0
E02000624,0
E02000073,0
E02000820,0
E02003510,0
E02000065,0
E02000815,0
E02005153,0
E02006576,0
E02005044,0
E02005038,0
E02000332,0
E02004410,0
E02000959,0
E02005076,0
E02000128,0
E02000584,0
E02000211,0
E02000134,0
E02000813,0
E02005082,0
E02000234,0
E02005123,0
E02006586,0
E02000657,0
E02000936,0
E02003504,0
E02006385,0
E02000150,0
E02006534,0
E02006930,0
E02003349,0
E02003330,0
E02000801,0
E02000078,0
E02006346,0
E02000636,0
E02006328,0
E02006380,0
E02003499,0
E02000609,0
E02000149,0
E02000068,0
E02005010,0
E02000648,0
E02000683,0
E02000610,0
E02003328,0
E02000396,0
E02000313,0
E02007009,0
E02005075,0
E02000599,0
E02000653,0
E02000831,0
E02000225,0
E02006551,0
E02006367,0
E02000836,0
E02000839,0
E02006857,0
E02004393,0
E02005055,0
E02003318,0
E02000816,0
E02005138,0
E02005164,0
E02000982,0
E02000937,0
E02000954,0
E02005157,0
E02000219,0
E02000212,0
E02003523,0
E02005098,0
E02004423,0
E02006321,0
E02003345,0
E02000965,0
E02005001,0
E02006342,0
E02004412,0
E02000689,0
E02006942,0
E02000661,0
E02000070,0
E02006390,0
E02004373,0
E02004389,0
E02000635,0
E02000071,0
E02004997,0
E02003511,0
E02005106,0
E02000803,0
E02000576,0
E02000229,0
E02005155,0
E02000080,0
E02005073,0
E02005121,0
E02000593,0
E02007084,0
E02005127,0
E02005166,0
E02006610,0
E02000690,0
E02000858,0
E02000382,0
E02005132,0
E02005009,0
E02003326,0
E02005174,0
E02000087,0
E02003507,0
E02005120,0
E02005171,0
E02000934,0
E02000695,0
E02005096,0
E02000711,0
E02006364,0
E02005172,0
E02000674,0
E02006593,0
E02005019,0
E02006331,0
E02003493,0
E02005047,0
E02003350,0
E02005118,0
E02000629,0
E02005068,0
E02000633,0
E02000981,0
E02005099,0
E02003509,0
E02005031,0
E02000327,0
E02005056,0
E02005070,0
E02005050,0
E02005014,0
E02005173,0
E02006927,0
E02003512,0
E02006931,0
E02000619,0
E02000155,0
E02000660,0
E02000139,0
E02000672,0
E02006430,0
E02005091,0
E02000799,0
E02004379,0
E02005116,0
E02004387,0
E02000821,0
E02000386,0
E02000591,0
E02003341,0
E02005087,0
E02000659,0
E02000854,0
E02000964,0
E02000825,0
E02005175,0
E02005037,0
E02000971,0
E02000942,0
E02003503,0
E02000091,0
E02003320,0
E02000843,0
E02004418,0
E02000148,0
E02000975,0
E02000334,0
E02000317,0
E02000678,0
E02003501,0
E02000933,0
E02000628,0
E02000222,0
E02003492,0
E02000819,0
E02005117,0
E02000980,0
E02006320,0
E02000928,0
E02006605,0
E02006609,0
E02000321,0
E02003514,0
E02000626,0
E02000393,0
E02005067,0
E02005071,0
E02000586,0
E02000195,0
E02005090,0
E02000668,0
E02006338,0
E02006597,0
E02003342,0
E02000084,0
E02000387,0
E02006550,0
E02000643,0
E02003343,0
E02000681,0
E02000235,0
E02004365,0
E02006329,0
E02004369,0
E02000608,0
E02000634,0
E02005057,0
E02004411,0
E02000085,0
E02005054,0
E02000588,0
E02000847,0
E02000577,0
E02000261,0
E02005143,0
E02000826,0
E02000621,0
E02005122,0
E02000217,0
E02005004,0
E02000582,0
E02000790,0
E02000384,0
E02000932,0
E02006432,0
E02000581,0
E02006378,0
E02005137,0
E02004395,0
E02006543,0
E02000944,0
E02000342,0
E02003317,0
E02005100,0
E02006784,0
E02000890,0
E02005125,0
E02000319,0
E02000709,0
E02000983,0
E02000344,0
E02004382,0
E02006562,0
E02000939,0
E02000970,0
E02005053,0
E02006434,0
E02005089,0
E02000638,0
E02006607,0
E02005084,0
E02000700,0
E02006540,0
E02000385,0
E02003340,0
E02004366,0
E02005130,0
E02005151,0
E02005069,0
E02006335,0
E02000067,0
E02004998,0
E02000680,0
E02006327,0
E02005169,0
E02000602,0
E02000598,0
E02004361,0
E02000165,0
E02000827,0
E02003331,0
E02000838,0
E02000640,0
E02000694,0
E02000787,0
E02000533,0
E02003335,0
E02006539,0
E02006588,0
E02004377,0
E02005034,0
E02005170,0
E02003508,0
E02000651,0
E02006608,0
E02005079,0
E02005167,0
E02006577,0
E02006319,0
E02006451,0
E02000262,0
E02000849,0
E02005039,0
E02000271,0
E02005161,0
E02000861,0
E02005128,0
E02004402,0
E02005119,0
E02004391,0
E02005114,0
E02004392,0
E02006337,0
E02000925,0
E02005094,0
E02005058,0
E02004371,0
E02000806,0
E02006590,0
E02006546,0
E02006599,0
E02000941,0
E02006537,0
E02000597,0
E02005148,0
E02000976,0
E02005036,0
E02000698,0
E02005005,0
E02006326,0
E02004407,0
E02000600,0
E02000127,0
E02000696,0
E02003351,0
E02000665,0
E02006587,0
E02000207,0
E02000968,0
E02000001,0
E02003322,0
E02000622,0
E02004420,0
E02005142,0
E02000955,0
E02000851,0
E02005030,0
E02004400,0
E02000145,0
E02000077,0
E02005086,0
E02000605,0
E02000923,0
E02000159,0
E02000973,0
E02000197,0
E02006389,0
E02000805,0
E02000679,0
E02005017,0
E02004376,0
E02005109,0
E02000152,0
E02000153,0
E02000812,0
E02005135,0
E02000074,0
E02006585,0
E02000658,0
E02005111,0
E02005097,0
E02004996,0
E02006371,0
E02006880,0
E02000620,0
E02006366,0
E02000938,0
E02000646,0
E02000856,0
E02000627,0
E02006992,0
E02000326,0
E02000337,0
E02006596,0
E02000817,0
E02000199,0
E02000652,0
E02005021,0
E02003337,0
E02006374,0
E02005018,0
E02000863,0
E02005064,0
E02000088,0
E02005049,0
E02005008,0
E02005003,0
E02004422,0
E02000196,0
E02000649,0
E02000227,0
E02000617,0
E02005012,0
E02000712,0
E02006435,0
E02005048,0
E02003315,0
E02000637,0
E02000200,0
E02004409,0
E02006387,0
E02006538,0
E02000846,0
E02006598,0
E02000710,0
E02003502,0
E02006594,0
E02000639,0
E02003491,0
E02004370,0
E02004415,0
E02000269,0
E02000625,0
E02000264,0
E02000339,0
E02000133,0
E02004367,0
E02006798,0
E02005029,0
E02000579,0
E02006429,0
E02000378,0
E02005159,0
E02000650,0
E02004399,0
E02000784,0
E02005013,0
E02005131,0
E02005163,0
E02005160,0
E02000203,0
E02005085,0
E02004363,0
E02005059,0
E02006365,0
E02003321,0
E02005110,0
E02004386,0
E02003348,0
E02003338,0
E02000223,0
E02000931,0
E02000082,0
E02000948,0
E02000157,0
E02000703,0
E02000797,0
E02005074,0
E02003500,0
E02000945,0
E02000270,0
E02005102,0
E02005156,0
E02000090,0
E02000701,0
E02000946,0
E02000697,0
E02000218,0
E02005124,0
E02004416,0
E02005011,0
E02000835,0
E02006384,0
E02000209,0
E02006369,0
E02000855,0
E02000258,0
E02000377,0
E02000850,0
E02000375,0
E02004408,0
E02003339,0
E02006436,0
E02000194,0
E02000800,0
E02006583,0
E02000852,0
E02000236,0
E02000607,0
E02000158,0
E02006362,0
E02000069,0
E02000673,0
E02000131,0
E02000604,0
E02000603,0
E02006373,0
E02003521,0
E02006575,0
E02000136,0
E02000592,0
E02005033,0
E02000224,0
E02005162,0
E02005133,0
E02000335,0
E02005168,0
E02000160,0
E02005088,0
E02005129,0
E02000372,0
E02000804,0
E02005081,0
E02000156,0
E02000204,0
E02000686,0
E02000383,0
E02000314,0
E02000590,0
E02000612,0
E02006589,0
E02000840,0
E02006855,0
E02000950,0
E02003518,0
E02000977,0
E02005139,0
E02000958,0
E02003515,0
E02000072,0
E02005077,0
E02003506,0
E02006325,0
E02005023,0
E02005105,0
E02006370,0
E02006318,0
E02000623,0
E02006791,0
E02000823,0
E02004396,0
E02000213,0
E02000140,0
E02005020,0
E02004171,1
E02004136,1
E02004200,1
W02000313,1
E02003141,1
E02003932,1
E02003905,1
E02003117,1
W02000369,1
W02000292,1
E02004607,1
E02003220,1
E02003005,1
E02004234,1
W02000371,1
E02004196,1
E02003952,1
E02003896,1
E02003912,1
E02003063,1
W02000346,1
W02000181,1
E02006656,1
W02000349,1
E02003907,1
E02004613,1
E02003216,1
E02002927,1
E02003044,1
E02003102,1
W02000299,1
E02004176,1
E02004665,1
E02003073,1
W02000260,1
W02000350,1
E02006652,1
W02000178,1
E02004662,1
E02004193,1
E02004157,1
E02004189,1
W02000147,1
W02000160,1
E02006690,1
W02000388,1
W02000137,1
E02004204,1
E02003017,1
W02000323,1
E02003232,1
E02003120,1
E02004152,1
W02000357,1
E02004170,1
E02003161,1
E02006658,1
E02003145,1
E02003119,1
W02000118,1
E02007023,1
W02000380,1
W02000290,1
W02000362,1
W02000204,1
E02002998,1
E02004651,1
E02003114,1
W02000368,1
W02000127,1
W02000305,1
E02003917,1
E02003068,1
E02003227,1
E02003091,1
W02000219,1
E02003099,1
W02000188,1
W02000254,1
E02004178,1
W02000255,1
E02002925,1
E02004620,1
W02000383,1
W02000124,1
E02003228,1
E02003030,1
E02003124,1
W02000177,1
E02003112,1
W02000402,1
W02000396,1
W02000404,1
W02000284,1
W02000276,1
W02000289,1
W02000329,1
E02003898,1
E02003028,1
W02000414,1
W02000196,1
E02003006,1
E02003941,1
E02004151,1
W02000132,1
E02004232,1
E02003016,1
W02000253,1
E02003001,1
W02000198,1
E02003126,1
W02000333,1
E02004174,1
E02003233,1
E02003940,1
E02004625,1
W02000353,1
E02004634,1
W02000282,1
E02003916,1
E02003942,1
E02003024,1
E02003226,1
E02003110,1
E02003008,1
E02003103,1
E02004645,1
W02000122,1
E02003113,1
W02000240,1
W02000144,1
W02000211,1
W02000428,1
W02000340,1
W02000335,1
E02002994,1
E02003088,1
W02000302,1
E02003003,1
W02000274,1
W02000269,1
W02000376,1
E02003022,1
E02006681,1
E02004217,1
E02004632,1
E02003047,1
E02003109,1
E02004628,1
E02006646,1
E02003234,1
E02004656,1
E02006950,1
W02000114,1
W02000227,1
W02000206,1
W02000309,1
E02004659,1
E02003936,1
E02003075,1
E02003230,1
E02006684,1
W02000391,1
W02000111,1
W02000189,1
E02003214,1
E02004629,1
E02003052,1
E02003082,1
E02004228,1
E02004162,1
E02002990,1
E02003087,1
W02000418,1
W02000244,1
E02004623,1
E02003131,1
E02003084,1
E02002996,1
W02000359,1
E02004661,1
E02003054,1
W02000389,1
E02003116,1
E02003007,1
E02003164,1
E02004660,1
W02000195,1
W02000194,1
W02000126,1
E02003929,1
E02003151,1
W02000363,1
W02000180,1
E02004644,1
W02000374,1
W02000263,1
E02004601,1
W02000341,1
W02000275,1
E02004639,1
E02004642,1
E02003033,1
E02003236,1
E02006648,1
W02000339,1
W02000214,1
E02003964,1
W02000201,1
W02000348,1
E02004185,1
E02003144,1
E02006848,1
E02004602,1
E02004624,1
E02003949,1
E02004137,1
W02000163,1
E02004666,1
E02004195,1
E02004140,1
E02003906,1
E02004172,1
W02000156,1
E02004225,1
E02003171,1
E02003101,1
W02000334,1
E02004652,1
E02003931,1
E02006781,1
E02006653,1
E02003166,1
E02003072,1
E02003138,1
E02006678,1
E02004633,1
E02004674,1
E02003081,1
E02003894,1
E02003153,1
E02003061,1
E02003168,1
W02000183,1
W02000322,1
E02003921,1
E02004175,1
E02004667,1
E02004206,1
E02006692,1
E02003074,1
E02006644,1
W02000409,1
E02003918,1
E02006990,1
E02004184,1
E02003031,1
E02003947,1
E02004154,1
E02003013,1
E02006686,1
W02000191,1
W02000133,1
W02000405,1
E02003165,1
E02006682,1
W02000355,1
E02003032,1
E02004167,1
E02003169,1
E02004216,1
W02000415,1
W02000258,1
E02003962,1
W02000399,1
E02003029,1
W02000365,1
W02000243,1
E02004161,1
E02004144,1
E02003922,1
E02003130,1
W02000408,1
W02000125,1
E02003108,1
E02004153,1
E02003231,1
W02000407,1
E02003954,1
E02004163,1
E02003934,1
E02004173,1
W02000416,1
W02000328,1
W02000138,1
W02000172,1
W02000392,1
W02000151,1
E02004636,1
W02000324,1
E02003107,1
E02004643,1
E02004231,1
E02004648,1
E02004203,1
E02004148,1
W02000378,1
W02000139,1
W02000422,1
W02000296,1
W02000280,1
W02000303,1
W02000395,1
E02003960,1
E02004626,1
W02000251,1
E02004618,1
W02000345,1
E02003933,1
W02000175,1
W02000230,1
E02003955,1
W02000166,1
E02003037,1
E02003956,1
E02003027,1
E02003224,1
W02000210,1
W02000326,1
E02004230,1
E02004190,1
E02003159,1
E02003915,1
E02004201,1
W02000356,1
E02003097,1
E02003157,1
W02000242,1
W02000153,1
E02006683,1
W02000295,1
E02003221,1
W02000145,1
E02004657,1
W02000401,1
E02003951,1
E02004638,1
E02003018,1
W02000157,1
W02000306,1
E02004143,1
W02000297,1
E02003080,1
W02000250,1
E02003055,1
E02006680,1
W02000331,1
E02004641,1
W02000131,1
E02004215,1
W02000231,1
W02000270,1
W02000298,1
E02003000,1
W02000237,1
E02002999,1
E02003048,1
E02003057,1
W02000320,1
W02000317,1
W02000347,1
E02003039,1
E02006889,1
E02004614,1
E02004663,1
E02003911,1
W02000123,1
E02004156,1
W02000319,1
E02003104,1
E02004211,1
E02004133,1
E02004604,1
E02002993,1
E02006693,1
E02003927,1
E02003158,1
W02000186,1
W02000332,1
W02000134,1
W02000307,1
E02004160,1
W02000361,1
W02000370,1
W02000366,1
E02003146,1
E02004139,1
E02003944,1
E02004646,1
E02003937,1
W02000113,1
E02004141,1
W02000174,1
W02000208,1
W02000192,1
E02004197,1
E02003045,1
W02000387,1
E02004612,1
E02004218,1
W02000232,1
E02003115,1
W02000343,1
E02003137,1
E02003050,1
W02000248,1
E02003077,1
W02000130,1
W02000136,1
W02000381,1
W02000398,1
W02000304,1
E02004222,1
W02000312,1
E02003930,1
E02002995,1
E02004669,1
W02000212,1
E02004219,1
E02003036,1
E02004640,1
E02003215,1
E02004611,1
E02003125,1
W02000351,1
E02004182,1
E02003219,1
E02003066,1
E02004224,1
E02003909,1
W02000167,1
E02004210,1
E02003010,1
E02003135,1
E02002991,1
E02004658,1
W02000220,1
E02004621,1
W02000406,1
W02000300,1
W02000393,1
W02000241,1
E02004664,1
W02000205,1
E02003129,1
W02000117,1
E02003096,1
E02006659,1
W02000185,1
W02000288,1
W02000287,1
W02000327,1
E02006846,1
E02003105,1
E02003002,1
W02000271,1
E02004654,1
E02003163,1
W02000360,1
W02000358,1
E02003127,1
E02003948,1
E02002997,1
W02000291,1
E02003961,1
W02000377,1
E02003122,1
E02004209,1
E02003959,1
W02000267,1
E02003071,1
W02000168,1
W02000249,1
E02003086,1
W02000239,1
E02004229,1
E02004653,1
E02003062,1
E02004131,1
E02003015,1
W02000427,1
E02003069,1
E02004169,1
E02003014,1
W02000379,1
E02004186,1
E02004142,1
W02000226,1
W02000262,1
W02000247,1
W02000218,1
W02000293,1
E02003223,1
E02003920,1
E02006645,1
E02003090,1
E02004227,1
E02004130,1
E02002926,1
E02003019,1
E02003148,1
E02003926,1
W02000200,1
W02000382,1
E02003235,1
E02006695,1
E02003128,1
E02003065,1
E02003908,1
W02000149,1
W02000311,1
W02000108,1
E02003212,1
E02004672,1
W02000197,1
W02000234,1
E02004129,1
E02006849,1
E02003895,1
E02006888,1
E02004655,1
E02003059,1
E02002989,1
E02006655,1
W02000159,1
E02003023,1
E02003020,1
E02003923,1
W02000336,1
W02000325,1
E02003070,1
W02000154,1
W02000141,1
E02004610,1
W02000386,1
W02000184,1
E02003939,1
E02004135,1
E02004181,1
W02000259,1
E02004208,1
E02006694,1
W02000281,1
E02004155,1
W02000161,1
W02000321,1
E02003149,1
E02006845,1
E02004207,1
E02003078,1
E02004132,1
W02000238,1
E02004647,1
W02000397,1
E02004187,1
E02004158,1
W02000252,1
E02003958,1
W02000318,1
E02003093,1
W02000173,1
E02004609,1
W02000225,1
W02000316,1
E02003147,1
W02000421,1
E02003067,1
W02000164,1
W02000246,1
W02000400,1
E02003123,1
W02000202,1
W02000265,1
E02003098,1
W02000410,1
E02004673,1
E02004220,1
E02002923,1
W02000128,1
E02004221,1
W02000148,1
E02004202,1
E02003058,1
E02004138,1
W02000193,1
E02006688,1
E02004608,1
W02000403,1
W02000135,1
E02004188,1
W02000235,1
W02000129,1
E02003903,1
E02003900,1
E02006651,1
E02004627,1
E02003957,1
E02004145,1
E02006952,1
E02006685,1
E02004630,1
E02007035,1
E02004223,1
E02003899,1
E02004649,1
W02000257,1
W02000110,1
E02003167,1
E02004622,1
E02003012,1
W02000286,1
W02000213,1
E02004631,1
E02003092,1
W02000337,1
E02003040,1
W02000423,1
E02003004,1
E02002992,1
E02006890,1
W02000170,1
W02000109,1
E02004603,1
E02004235,1
W02000152,1
E02006847,1
W02000367,1
E02004213,1
E02004180,1
E02003143,1
W02000216,1
E02004671,1
E02003919,1
E02004177,1
E02003943,1
E02004619,1
E02003925,1
E02004606,1
W02000221,1
E02003897,1
W02000417,1
W02000394,1
E02003025,1
W02000277,1
W02000120,1
W02000261,1
E02006647,1
W02000272,1
E02003170,1
E02007066,1
W02000264,1
W02000224,1
W02000342,1
E02003950,1
E02003136,1
E02004166,1
E02004147,1
E02003095,1
E02004635,1
W02000285,1
E02003111,1
W02000338,1
W02000229,1
E02003154,1
E02003076,1
W02000278,1
W02000372,1
W02000352,1
E02004164,1
E02003142,1
W02000165,1
W02000315,1
E02003953,1
E02004226,1
E02006660,1
W02000375,1
E02003011,1
W02000256,1
W02000301,1
E02004159,1
E02003935,1
E02003089,1
E02006654,1
W02000385,1
E02004637,1
E02006887,1
W02000266,1
E02003049,1
W02000146,1
E02004212,1
W02000207,1
E02003945,1
W02000273,1
E02004149,1
E02004165,1
W02000314,1
E02003218,1
W02000310,1
E02003041,1
W02000354,1
E02003910,1
E02003963,1
E02003046,1
W02000158,1
E02003079,1
E02003892,1
W02000233,1
E02003222,1
E02003140,1
E02006650,1
E02003893,1
W02000140,1
W02000179,1
E02003928,1
E02003924,1
E02007064,1
W02000169,1
W02000171,1
E02003914,1
E02004600,1
E02003060,1
E02003094,1
W02000279,1
E02002987,1
E02003217,1
E02006689,1
E02003051,1
W02000215,1
E02003229,1
W02000384,1
W02000308,1
E02003946,1
E02002986,1
W02000223,1
W02000142,1
W02000294,1
E02004233,1
E02003155,1
E02004605,1
E02006657,1
W02000236,1
E02003904,1
E02004650,1
E02003026,1
E02004146,1
W02000344,1
E02004150,1
W02000412,1
W02000330,1
E02004198,1
E02003056,1
W02000176,1
W02000245,1
E02006679,1
W02000228,1
E02003139,1
E02003038,1
E02006649,1
E02003938,1
W02000411,1
W02000143,1
E02003152,1
E02004205,1
W02000222,1
E02004168,1
E02002988,1
E02004191,1
E02003118,1
E02004179,1
E02004194,1
E02003053,1
W02000182,1
E02004668,1
E02004199,1
E02003156,1
W02000162,1
E02003902,1
W02000364,1
W02000217,1
E02003133,1
E02007027,1
E02004183,1
E02004214,1
E02003064,1
E02003085,1
W02000390,1
E02004273,1
E02004192,1
E02003021,1
E02003009,1
E02003225,1
E02006687,1
E02002985,1
W02000373,1
E02003913,1
E02003134,1
E02003132,1
E02003121,1
E02003901,1
W02000268,1
E02000449,2
E02000308,2
E02000443,2
E02003407,2
E02004899,2
E02000255,2
E02003601,2
E02003793,2
E02000426,2
E02000517,2
E02000097,2
E02004916,2
E02004971,2
E02000297,2
E02000114,2
E02000294,2
E02000502,2
E02000036,2
E02003628,2
E02000241,2
E02003708,2
E02003711,2
E02003637,2
E02000436,2
E02000304,2
E02003668,2
E02003704,2
E02006795,2
E02003269,2
E02006882,2
E02006415,2
E02000268,2
E02003648,2
E02004534,2
E02000444,2
E02000556,2
E02000256,2
E02003622,2
E02000451,2
E02000434,2
E02007115,2
E02000033,2
E02000296,2
E02000276,2
E02000243,2
E02000794,2
E02000094,2
E02000301,2
E02000290,2
E02000567,2
E02000405,2
E02004924,2
E02004929,2
E02000463,2
E02000245,2
E02003433,2
E02000104,2
E02000969,2
E02004889,2
E02000106,2
E02004948,2
E02000563,2
E02000403,2
E02004983,2
E02000031,2
E02004958,2
E02003479,2
E02004908,2
E02004856,2
E02000283,2
E02004893,2
E02003606,2
E02003478,2
E02003642,2
E02004995,2
E02000500,2
E02000046,2
E02004935,2
E02003461,2
E02003687,2
E02004907,2
E02004843,2
E02003605,2
E02004853,2
E02000299,2
E02004942,2
E02004975,2
E02003683,2
E02004850,2
E02000168,2
E02007092,2
E02006414,2
E02004965,2
E02003686,2
E02004969,2
E02003706,2
E02000407,2
E02000415,2
E02003271,2
E02000512,2
E02000099,2
E02000419,2
E02000055,2
E02004871,2
E02004981,2
E02007015,2
E02000571,2
E02000170,2
E02000347,2
E02000251,2
E02007090,2
E02000103,2
E02004978,2
E02004852,2
E02000541,2
E02004973,2
E02000352,2
E02000187,2
E02004930,2
E02003434,2
E02003602,2
E02003618,2
E02000410,2
E02000509,2
E02000551,2
E02003672,2
E02000540,2
E02000281,2
E02004910,2
E02003659,2
E02000529,2
E02004869,2
E02003266,2
E02003462,2
E02004953,2
E02003643,2
E02000408,2
E02003646,2
E02004919,2
E02003262,2
E02000123,2
E02003276,2
E02000282,2
E02003423,2
E02000565,2
E02004865,2
E02003603,2
E02003416,2
E02003463,2
E02000260,2
E02000279,2
E02007088,2
E02004911,2
E02000284,2
E02000448,2
E02000429,2
E02003626,2
E02003465,2
E02003702,2
E02000552,2
E02003636,2
E02004909,2
E02000425,2
E02003685,2
E02000120,2
E02003415,2
E02006408,2
E02004876,2
E02000035,2
E02000422,2
E02003717,2
E02000398,2
E02000544,2
E02000051,2
E02003410,2
E02000309,2
E02000096,2
E02004943,2
E02003419,2
E02003424,2
E02000510,2
E02000026,2
E02000504,2
E02000100,2
E02003647,2
E02000050,2
E02003707,2
E02000030,2
E02000564,2
E02000183,2
E02000503,2
E02003263,2
E02003665,2
E02004904,2
E02000411,2
E02006410,2
E02003264,2
E02004982,2
E02000287,2
E02000107,2
E02000278,2
E02000573,2
E02000575,2
E02003667,2
E02004870,2
E02000266,2
E02000508,2
E02000058,2
E02000280,2
E02004961,2
E02003653,2
E02003260,2
E02003420,2
E02000246,2
E02000534,2
E02000291,2
E02000293,2
E02007011,2
E02003432,2
E02003599,2
E02000184,2
E02006973,2
E02004968,2
E02004976,2
E02004957,2
E02004867,2
E02003677,2
E02003658,2
E02000960,2
E02004980,2
E02000177,2
E02003466,2
E02000037,2
E02003689,2
E02004903,2
E02003654,2
E02000545,2
E02004857,2
E02000438,2
E02003644,2
E02000416,2
E02004875,2
E02000253,2
E02004926,2
E02000121,2
E02003701,2
E02000555,2
E02000034,2
E02000056,2
E02003272,2
E02000554,2
E02000456,2
E02004890,2
E02000460,2
E02000515,2
E02004966,2
E02004886,2
E02003697,2
E02004934,2
E02006394,2
E02006405,2
E02000285,2
E02003631,2
E02003693,2
E02000059,2
E02003640,2
E02000063,2
E02004848,2
E02000192,2
E02004939,2
E02003460,2
E02003613,2
E02003627,2
E02000536,2
E02003278,2
E02004528,2
E02003619,2
E02000052,2
E02003673,2
E02003487,2
E02003645,2
E02000057,2
E02000967,2
E02005688,2
E02000966,2
E02004906,2
E02007110,2
E02000447,2
E02000191,2
E02004917,2
E02003411,2
E02006412,2
E02000174,2
E02000427,2
E02003608,2
E02000272,2
E02003705,2
E02005962,2
E02006953,2
E02000553,2
E02003680,2
E02000176,2
E02003650,2
E02000061,2
E02000404,2
E02003414,2
E02000300,2
E02003468,2
E02000569,2
E02003467,2
E02004920,2
E02004972,2
E02000561,2
E02004970,2
E02004989,2
E02003610,2
E02000568,2
E02000435,2
E02000547,2
E02006411,2
E02000453,2
E02000116,2
E02003638,2
E02000043,2
E02000423,2
E02000539,2
E02004985,2
E02003620,2
E02000574,2
E02000530,2
E02000110,2
E02000525,2
E02000125,2
E02004849,2
E02003696,2
E02004874,2
E02003427,2
E02004872,2
E02000259,2
E02004992,2
E02000963,2
E02003472,2
E02006407,2
E02000518,2
E02000060,2
E02000254,2
E02004864,2
E02000277,2
E02003713,2
E02000445,2
E02004964,2
E02000173,2
E02000122,2
E02006403,2
E02003664,2
E02003710,2
E02004915,2
E02006794,2
E02003641,2
E02000413,2
E02003633,2
E02004896,2
E02003625,2
E02000499,2
E02003615,2
E02003600,2
E02003417,2
E02000459,2
E02003270,2
E02004933,2
E02000548,2
E02000962,2
E02000345,2
E02004941,2
E02004987,2
E02000175,2
E02003698,2
E02004897,2
E02000178,2
E02004901,2
E02000537,2
E02003480,2
E02000420,2
E02000248,2
E02003630,2
E02003429,2
E02000562,2
E02000303,2
E02000025,2
E02003682,2
E02003652,2
E02004858,2
E02003426,2
E02003484,2
E02000302,2
E02000249,2
E02000519,2
E02003261,2
E02006393,2
E02006956,2
E02000244,2
E02003656,2
E02000111,2
E02000495,2
E02003676,2
E02004954,2
E02003476,2
E02000240,2
E02000417,2
E02003621,2
E02004977,2
E02000514,2
E02000169,2
E02000295,2
E02000455,2
E02004859,2
E02003474,2
E02004914,2
E02003712,2
E02000307,2
E02000179,2
E02004844,2
E02000305,2
E02003681,2
E02004861,2
E02003617,2
E02004918,2
E02004862,2
E02000032,2
E02000112,2
E02004891,2
E02003714,2
E02003469,2
E02000108,2
E02000501,2
E02003651,2
E02003666,2
E02003694,2
E02003660,2
E02003473,2
E02000409,2
E02000306,2
E02006404,2
E02003604,2
E02000265,2
E02003629,2
E02004932,2
E02000115,2
E02000045,2
E02000401,2
E02003464,2
E02006409,2
E02004866,2
E02003418,2
E02000558,2
E02003670,2
E02004898,2
E02000039,2
E02004855,2
E02004959,2
E02000506,2
E02003674,2
E02003690,2
E02006793,2
E02000041,2
E02004880,2
E02000124,2
E02006395,2
E02000454,2
E02000538,2
E02000498,2
E02003431,2
E02000044,2
E02000166,2
E02000549,2
E02004946,2
E02004986,2
E02004905,2
E02004895,2
E02000242,2
E02000181,2
E02004873,2
E02003678,2
E02000029,2
E02000238,2
E02000572,2
E02000040,2
E02000516,2
E02007068,2
E02004991,2
E02003267,2
E02003679,2
E02003614,2
E02004945,2
E02003481,2
E02000566,2
E02004846,2
E02003703,2
E02000027,2
E02000095,2
E02000431,2
E02000047,2
E02004928,2
E02004868,2
E02004860,2
E02003490,2
E02004951,2
E02000397,2
E02000424,2
E02000062,2
E02000550,2
E02000457,2
E02003691,2
E02000428,2
E02003695,2
E02000126,2
E02000167,2
E02004863,2
E02003624,2
E02004845,2
E02003688,2
E02000546,2
E02004949,2
E02000172,2
E02004883,2
E02004900,2
E02000289,2
E02004944,2
E02003409,2
E02000421,2
E02000028,2
E02000418,2
E02000346,2
E02003663,2
E02003612,2
E02000796,2
E02004936,2
E02000119,2
E02003486,2
E02000101,2
E02004892,2
E02000042,2
E02003662,2
E02003611,2
E02000275,2
E02003265,2
E02000182,2
E02003425,2
E02003483,2
E02000520,2
E02000356,2
E02000522,2
E02000038,2
E02000093,2
E02000064,2
E02003616,2
E02000098,2
E02004937,2
E02004925,2
E02000024,2
E02004952,2
E02004979,2
E02004988,2
E02003273,2
E02003623,2
E02000452,2
E02007091,2
E02004950,2
E02007093,2
E02003675,2
E02003671,2
E02004955,2
E02000961,2
E02003716,2
E02000263,2
E02003718,2
E02000494,2
E02003609,2
E02004927,2
E02004931,2
E02000521,2
E02004956,2
E02003412,2
E02000286,2
E02004922,2
E02000400,2
E02004990,2
E02003471,2
E02000542,2
E02003485,2
E02003430,2
E02000974,2
E02000531,2
E02003259,2
E02003268,2
E02004921,2
E02003258,2
E02004923,2
E02000351,2
E02000118,2
E02006971,2
E02003632,2
E02004887,2
E02000412,2
E02004851,2
E02000440,2
E02000543,2
E02000439,2
E02003669,2
E02000414,2
E02003428,2
E02004847,2
E02003436,2
E02000298,2
E02000312,2
E02007014,2
E02000559,2
E02000188,2
E02003692,2
E02000570,2
E02000496,2
E02004912,2
E02000311,2
E02003639,2
E02000437,2
E02000497,2
E02003274,2
E02000462,2
E02004974,2
E02000292,2
E02003488,2
E02000406,2
E02004894,2
E02006796,2
E02004877,2
E02000113,2
E02000049,2
E02003649,2
E02000523,2
E02000267,2
E02004902,2
E02004878,2
E02004963,2
E02004940,2
E02000524,2
E02004854,2
E02003699,2
E02000186,2
E02005958,2
E02000432,2
E02004967,2
E02000441,2
E02000117,2
E02006406,2
E02003489,2
E02000288,2
E02003657,2
E02000511,2
E02000105,2
E02003435,2
E02004994,2
E02000180,2
E02000171,2
E02000239,2
E02000252,2
E02003607,2
E02004960,2
E02000054,2
E02003482,2
E02000507,2
E02000348,2
E02000442,2
E02003277,2
E02000402,2
E02003709,2
E02003635,2
E02000535,2
E02000247,2
E02000513,2
E02006937,2
E02003408,2
E02000433,2
E02000461,2
E02000557,2
E02000102,2
E02004962,2
E02000560,2
E02006413,2
E02000185,2
E02000430,2
E02000048,2
E02004984,2
E02003470,2
E02001226,3
E02001451,3
E02002616,3
E02005248,3
E02003833,3
E02005271,3
E02002600,3
E02001439,3
E02006190,3
E02002984,3
W02000015,3
E02005209,3
E02001026,3
E02005321,3
E02002609,3
E02001413,3
E02003850,3
W02000094,3
E02002636,3
W02000033,3
W02000030,3
E02004097,3
E02001389,3
E02003828,3
E02001497,3
E02006016,3
E02002979,3
E02005261,3
E02005301,3
E02005311,3
E02001106,3
E02005263,3
E02001115,3
E02006957,3
E02001495,3
E02001198,3
E02001325,3
E02002961,3
E02006017,3
E02001320,3
E02005260,3
W02000090,3
E02003871,3
E02002587,3
E02001507,3
E02006915,3
E02001314,3
E02001268,3
E02001145,3
E02005230,3
E02006171,3
E02001124,3
E02001138,3
W02000091,3
E02005266,3
E02006133,3
E02001136,3
E02001481,3
E02001029,3
E02003866,3
E02001185,3
E02001391,3
E02003860,3
E02006189,3
E02005191,3
E02001411,3
E02001101,3
E02001092,3
E02001486,3
E02003824,3
E02001156,3
E02000993,3
E02001262,3
E02002601,3
E02003823,3
E02006206,3
E02001073,3
E02003811,3
E02001040,3
W02000038,3
E02001112,3
E02001252,3
E02001377,3
E02001207,3
E02005288,3
E02001383,3
E02001372,3
E02001150,3
E02001477,3
E02003799,3
E02001155,3
E02001223,3
E02001453,3
E02001246,3
W02000028,3
E02001047,3
E02001483,3
W02000072,3
E02001004,3
E02002640,3
E02006172,3
E02006169,3
E02006207,3
E02001346,3
E02006985,3
E02003832,3
E02005194,3
E02001423,3
E02001334,3
E02001363,3
W02000010,3
E02000987,3
E02001402,3
E02001000,3
W02000037,3
W02000092,3
W02000035,3
E02005179,3
W02000024,3
E02001126,3
E02005221,3
E02006872,3
E02001349,3
E02003876,3
E02006163,3
E02002957,3
E02004102,3
E02001412,3
E02001501,3
E02001230,3
E02005252,3
E02005180,3
E02005291,3
E02001435,3
E02001397,3
E02005290,3
E02001099,3
E02001428,3
E02001168,3
E02001017,3
E02001303,3
E02001333,3
E02001088,3
E02001052,3
E02001234,3
E02003822,3
E02005295,3
E02001018,3
E02005329,3
E02003836,3
E02005330,3
E02001167,3
E02003877,3
E02002635,3
E02003810,3
E02001357,3
E02001263,3
E02001422,3
E02001072,3
E02001503,3
E02001309,3
E02002598,3
E02001487,3
E02001079,3
E02001251,3
E02004094,3
E02004096,3
E02001365,3
W02000426,3
E02001074,3
E02000991,3
E02003852,3
E02003848,3
E02006215,3
E02001245,3
E02001305,3
W02000045,3
E02005228,3
E02001296,3
E02002580,3
E02001161,3
E02001133,3
E02002967,3
E02001152,3
E02002577,3
E02005195,3
E02002594,3
E02001211,3
E02003826,3
E02001051,3
E02001096,3
E02001450,3
E02001135,3
E02001493,3
E02001095,3
E02002574,3
E02003805,3
E02002625,3
E02005289,3
E02001213,3
E02001381,3
E02002980,3
E02002586,3
E02006959,3
E02001050,3
E02005182,3
E02005259,3
E02001176,3
E02001288,3
E02001310,3
E02001077,3
E02003801,3
E02006024,3
E02002638,3
E02001033,3
E02003795,3
E02001352,3
E02001224,3
E02001311,3
E02003881,3
E02006191,3
E02006933,3
E02001247,3
E02001267,3
E02005300,3
E02001405,3
E02001273,3
E02005258,3
W02000022,3
W02000057,3
E02005272,3
E02005303,3
E02001154,3
E02002608,3
E02005214,3
E02000985,3
E02002651,3
E02001097,3
E02001468,3
E02005218,3
E02001171,3
E02002590,3
E02005177,3
E02005275,3
E02001449,3
W02000081,3
E02001217,3
E02001043,3
E02003888,3
E02001192,3
E02001238,3
E02001441,3
E02001330,3
E02003865,3
W02000032,3
E02006204,3
E02002966,3
E02002634,3
E02001469,3
W02000016,3
E02001239,3
W02000085,3
E02001359,3
E02001093,3
E02001456,3
E02001131,3
E02001360,3
E02001107,3
E02005224,3
E02002633,3
W02000075,3
E02001061,3
W02000071,3
E02001190,3
W02000044,3
E02005216,3
E02006205,3
E02001362,3
E02005240,3
E02001337,3
E02001476,3
E02002585,3
E02005213,3
E02003827,3
E02001312,3
E02001371,3
E02001472,3
E02001028,3
E02005284,3
W02000008,3
E02005212,3
E02001492,3
E02003843,3
E02001116,3
E02001165,3
E02001403,3
E02001113,3
E02001418,3
E02001504,3
E02002623,3
E02002643,3
E02003797,3
E02005215,3
E02001293,3
E02001042,3
E02001280,3
E02001306,3
E02001467,3
E02001278,3
E02001350,3
E02002605,3
E02002968,3
E02005219,3
E02001261,3
E02002959,3
E02001370,3
E02005185,3
E02001284,3
E02001075,3
E02003874,3
E02006961,3
E02003872,3
E02000984,3
E02001308,3
E02002579,3
E02001191,3
E02001410,3
E02005314,3
E02001006,3
E02001474,3
E02001331,3
E02001430,3
E02001286,3
E02001281,3
E02002637,3
E02001177,3
E02001143,3
E02006216,3
W02000096,3
E02006917,3
E02006167,3
E02001271,3
E02001463,3
E02003829,3
E02001128,3
E02001221,3
E02001114,3
E02001254,3
E02001427,3
E02001038,3
E02001094,3
E02001431,3
W02000019,3
E02001084,3
E02003845,3
E02001387,3
E02001426,3
E02001455,3
E02001277,3
E02002977,3
E02001342,3
E02002628,3
E02002631,3
E02001466,3
E02003818,3
E02006198,3
E02005241,3
E02006158,3
E02000998,3
E02003878,3
W02000070,3
E02001270,3
E02001195,3
E02001067,3
E02001420,3
E02001394,3
E02002592,3
E02006934,3
E02001366,3
E02006884,3
E02002588,3
W02000065,3
E02006902,3
E02003864,3
E02005210,3
E02001269,3
E02001315,3
W02000043,3
E02001157,3
E02001339,3
E02001216,3
E02001433,3
E02001228,3
W02000062,3
E02000995,3
E02005312,3
W02000040,3
E02003831,3
E02001446,3
W02000080,3
E02005307,3
E02002955,3
E02005294,3
E02001341,3
E02001037,3
E02001139,3
E02001009,3
E02001419,3
W02000089,3
E02002650,3
E02001182,3
E02001020,3
E02001151,3
E02005273,3
E02001117,3
E02001438,3
E02005199,3
E02001091,3
E02005317,3
E02001158,3
W02000060,3
W02000025,3
E02002647,3
E02001491,3
E02001134,3
W02000077,3
E02001297,3
E02001318,3
W02000017,3
E02001460,3
E02002620,3
E02005279,3
E02001399,3
E02005296,3
E02001068,3
E02001208,3
E02001105,3
E02001414,3
E02005325,3
E02003890,3
E02003869,3
E02007001,3
E02005205,3
E02001292,3
E02002610,3
W02000014,3
E02002982,3
E02002593,3
E02001490,3
E02001046,3
E02003879,3
E02001505,3
E02006912,3
E02001258,3
E02001367,3
E02001001,3
E02002641,3
E02000988,3
E02003870,3
E02001299,3
E02003863,3
E02003855,3
E02001378,3
E02005235,3
E02001458,3
E02003838,3
E02005281,3
E02001103,3
E02001024,3
E02001462,3
E02006168,3
E02005178,3
E02005326,3
E02001007,3
E02005293,3
E02005287,3
E02003846,3
E02001199,3
E02002612,3
E02005207,3
E02005196,3
E02005208,3
E02001218,3
W02000056,3
E02001233,3
E02006170,3
E02001003,3
E02002581,3
E02005226,3
W02000073,3
E02003803,3
E02001338,3
E02001087,3
E02001044,3
E02001416,3
E02002642,3
E02001021,3
W02000049,3
W02000021,3
E02001480,3
E02002611,3
E02002617,3
E02001070,3
W02000004,3
E02005255,3
E02006913,3
E02001010,3
E02002976,3
E02002644,3
E02001392,3
E02001188,3
E02001353,3
W02000082,3
E02002973,3
E02001478,3
E02001274,3
W02000052,3
E02002575,3
E02003814,3
E02005256,3
E02005233,3
E02001358,3
E02003816,3
E02001035,3
E02005184,3
E02001264,3
E02001425,3
E02003817,3
E02006208,3
E02001147,3
W02000068,3
E02005265,3
E02006188,3
W02000050,3
E02006916,3
E02005203,3
E02001356,3
E02002602,3
E02001193,3
E02001056,3
E02001351,3
E02001032,3
E02001380,3
E02001282,3
E02005200,3
E02003880,3
E02005297,3
E02001335,3
E02005236,3
E02001121,3
E02002983,3
E02003821,3
E02001396,3
E02001432,3
E02003819,3
E02001243,3
W02000424,3
E02005222,3
E02002615,3
E02005211,3
E02005264,3
E02001259,3
E02006197,3
E02001005,3
E02001294,3
E02005331,3
E02001447,3
E02002956,3
W02000058,3
E02001011,3
E02005225,3
E02005245,3
E02003808,3
E02006984,3
E02001242,3
E02001196,3
E02001494,3
E02005254,3
E02003794,3
E02006200,3
E02001227,3
E02001203,3
W02000011,3
E02001014,3
E02001205,3
E02002604,3
W02000005,3
E02001313,3
E02001235,3
E02001200,3
E02005176,3
E02001385,3
E02001459,3
W02000041,3
E02001170,3
E02001083,3
E02001025,3
E02001287,3
E02003815,3
E02001355,3
E02006871,3
E02002621,3
E02001055,3
E02001244,3
E02001444,3
E02005285,3
E02001260,3
E02001321,3
E02005327,3
E02002589,3
E02003807,3
E02001461,3
E02005308,3
E02001027,3
E02003820,3
E02001488,3
W02000066,3
E02001343,3
E02001144,3
E02001031,3
E02001016,3
E02005183,3
E02003886,3
E02001386,3
W02000419,3
W02000053,3
E02001059,3
E02001471,3
E02001300,3
E02005268,3
E02001048,3
E02002954,3
E02001253,3
E02001045,3
W02000001,3
E02002974,3
E02001285,3
E02002952,3
E02002613,3
W02000018,3
E02006159,3
W02000087,3
E02001369,3
E02006161,3
E02003891,3
E02001508,3
E02000999,3
E02001229,3
E02001368,3
E02002622,3
E02001302,3
E02001141,3
E02005251,3
E02001417,3
E02001082,3
E02001189,3
E02001401,3
E02002607,3
E02005181,3
W02000064,3
E02005231,3
E02003800,3
E02001225,3
W02000013,3
E02001085,3
W02000069,3
E02006203,3
E02001163,3
E02005316,3
E02001457,3
E02002583,3
E02005186,3
E02001180,3
E02003873,3
E02002596,3
E02006160,3
E02001214,3
E02005234,3
E02002648,3
E02004103,3
E02001464,3
E02001498,3
W02000034,3
E02005278,3
E02003847,3
E02006195,3
E02001008,3
E02001186,3
E02001404,3
E02001485,3
E02005320,3
W02000059,3
E02002969,3
E02001062,3
E02005204,3
E02002965,3
E02001202,3
E02007031,3
E02003830,3
E02003806,3
E02001465,3
E02001153,3
W02000083,3
E02006192,3
E02003839,3
E02003851,3
E02005202,3
E02001148,3
E02002960,3
E02003834,3
E02005313,3
W02000027,3
E02002599,3
E02001209,3
E02003883,3
E02001382,3
E02002584,3
E02002975,3
E02002619,3
E02002626,3
E02002646,3
E02003867,3
E02001395,3
E02003856,3
E02001290,3
E02005306,3
E02001421,3
W02000042,3
E02001127,3
E02001049,3
E02001317,3
E02001123,3
E02002597,3
E02003854,3
E02001064,3
E02001329,3
E02001364,3
E02002639,3
E02001324,3
E02001129,3
E02001256,3
E02001406,3
E02001470,3
E02005322,3
E02006211,3
E02002645,3
E02001475,3
E02001415,3
E02005239,3
E02001036,3
E02001159,3
E02007003,3
E02001162,3
E02001398,3
E02001255,3
E02004095,3
E02002624,3
E02005310,3
E02001089,3
E02002953,3
E02006213,3
E02006165,3
E02001100,3
E02001489,3
E02001065,3
E02005267,3
E02001187,3
E02001279,3
E02001344,3
E02001322,3
E02006193,3
E02001393,3
E02001445,3
E02001206,3
E02001130,3
E02001348,3
E02001002,3
E02001304,3
E02006212,3
E02001231,3
E02005250,3
E02001452,3
E02003809,3
W02000023,3
E02001222,3
E02001174,3
E02005220,3
E02001063,3
E02005189,3
E02001327,3
W02000020,3
E02005319,3
E02006199,3
E02001276,3
E02002603,3
E02001118,3
E02001086,3
E02001215,3
E02005274,3
E02004100,3
W02000074,3
W02000003,3
E02004098,3
E02003862,3
E02002964,3
E02005299,3
E02001080,3
E02001388,3
E02003882,3
W02000009,3
E02001210,3
E02002576,3
W02000002,3
E02001283,3
E02000989,3
E02005247,3
E02005280,3
E02001069,3
E02001166,3
E02006974,3
E02002630,3
E02001039,3
E02002606,3
E02002591,3
W02000093,3
E02001326,3
E02005229,3
E02002618,3
E02005292,3
E02003844,3
E02002958,3
E02001149,3
E02001454,3
E02005324,3
E02001197,3
E02001173,3
E02001160,3
E02005242,3
E02001175,3
E02001022,3
E02003841,3
E02001053,3
E02001237,3
E02001499,3
E02003853,3
E02006209,3
E02006136,3
W02000007,3
E02001332,3
E02001440,3
E02006131,3
E02005270,3
E02001169,3
E02001240,3
E02003802,3
E02001249,3
E02001328,3
E02000992,3
E02001484,3
E02006214,3
E02001482,3
E02001125,3
E02006023,3
W02000006,3
E02006027,3
E02001015,3
W02000051,3
E02002970,3
E02001034,3
E02005223,3
E02001212,3
E02002951,3
E02001374,3
E02001323,3
E02001265,3
E02006166,3
E02005249,3
E02006881,3
E02001109,3
E02002981,3
W02000055,3
E02005276,3
E02006210,3
E02003796,3
E02001373,3
E02001319,3
E02001408,3
E02001272,3
E02001289,3
W02000047,3
E02001336,3
E02001345,3
E02002962,3
E02003813,3
E02001019,3
E02001142,3
E02005328,3
E02003889,3
E02005238,3
E02001076,3
E02001347,3
E02001219,3
E02004104,3
E02001204,3
E02005253,3
E02001248,3
E02001194,3
E02001041,3
E02001407,3
E02005286,3
E02005318,3
W02000029,3
W02000054,3
E02001179,3
E02001434,3
E02003798,3
E02001473,3
W02000095,3
E02000994,3
E02005323,3
E02001266,3
E02003825,3
E02003812,3
E02005304,3
W02000067,3
E02002582,3
W02000076,3
E02001275,3
E02005197,3
E02001291,3
E02001375,3
E02001183,3
E02001361,3
E02001108,3
E02001030,3
E02006164,3
E02001437,3
E02005298,3
E02001506,3
E02002629,3
E02003859,3
E02001409,3
W02000039,3
E02001013,3
E02001376,3
E02002649,3
E02003887,3
E02001146,3
E02005269,3
E02005302,3
E02001443,3
E02005305,3
E02001102,3
E02001384,3
E02001436,3
E02005192,3
E02005277,3
E02005217,3
E02005309,3
E02001201,3
E02005262,3
W02000012,3
E02005237,3
E02001400,3
E02002963,3
E02001448,3
E02003804,3
E02001442,3
E02001137,3
E02001132,3
E02001140,3
W02000036,3
E02001500,3
E02005206,3
E02002578,3
E02006194,3
E02003858,3
E02001257,3
E02001295,3
E02006162,3
E02001354,3
E02005193,3
E02001250,3
E02001066,3
E02001340,3
E02003849,3
E02005198,3
E02000986,3
E02000990,3
E02006914,3
E02006196,3
E02001098,3
E02000997,3
E02002978,3
E02003835,3
E02002595,3
E02006201,3
E02005332,3
E02006132,3
E02000996,3
E02001090,3
E02003884,3
E02001104,3
E02001301,3
E02003861,3
E02001110,3
E02002632,3
E02001012,3
E02001429,3
W02000061,3
E02003868,3
E02001496,3
E02003885,3
E02001232,3
E02002627,3
E02001502,3
E02005257,3
E02001181,3
E02001078,3
E02001111,3
E02001236,3
E02004093,3
E02005201,3
E02002614,3
E02001390,3
E02001298,3
E02001119,3
E02006173,3
E02001164,3
E02001316,3
W02000088,3
W02000031,3
E02001479,3
E02005190,3
E02005315,3
E02003840,3
E02001220,3
E02003875,3
E02001023,3
E02006935,3
E02006202,3
E02005246,3
E02003857,3
E02003842,3
E02001307,3
W02000063,3
E02001081,3
E02006932,3
E02001241,3
E02006909,4
E02005725,4
E02002520,4
E02001742,4
E02001688,4
E02002523,4
E02001768,4
E02001697,4
E02004332,4
E02007062,4
E02002534,4
E02002543,4
E02001813,4
E02005723,4
E02001825,4
E02001824,4
E02001714,4
E02004311,4
E02001774,4
E02001695,4
E02004351,4
E02002485,4
E02001723,4
E02001755,4
E02002563,4
E02002567,4
E02001740,4
E02001804,4
E02002518,4
E02005736,4
E02001683,4
E02002527,4
E02005728,4
E02001746,4
E02004323,4
E02001794,4
E02002553,4
E02005709,4
E02001682,4
E02001766,4
E02004305,4
E02001703,4
E02001788,4
E02004339,4
E02001802,4
E02002536,4
E02002503,4
E02002515,4
E02001709,4
E02001737,4
E02001704,4
E02007094,4
E02004342,4
E02001726,4
E02001801,4
E02004336,4
E02005703,4
E02001707,4
E02005704,4
E02001721,4
E02002517,4
E02001741,4
E02001783,4
E02002530,4
E02001787,4
E02002491,4
E02005726,4
E02001821,4
E02001710,4
E02006893,4
E02001750,4
E02004301,4
E02002483,4
E02005710,4
E02002510,4
E02005721,4
E02002540,4
E02001785,4
E02004296,4
E02004300,4
E02001799,4
E02005729,4
E02002519,4
E02005730,4
E02001701,4
E02002539,4
E02001784,4
E02002506,4
E02004321,4
E02002501,4
E02007058,4
E02004293,4
E02001760,4
E02001781,4
E02005715,4
E02004326,4
E02007107,4
E02005720,4
E02002537,4
E02001718,4
E02004303,4
E02001712,4
E02005711,4
E02007061,4
E02004314,4
E02002529,4
E02002496,4
E02004330,4
E02001699,4
E02001745,4
E02004317,4
E02002524,4
E02002526,4
E02001773,4
E02001790,4
E02004348,4
E02001761,4
E02001789,4
E02001689,4
E02002493,4
E02001747,4
E02004352,4
E02002560,4
E02004290,4
E02004327,4
E02004335,4
E02004308,4
E02001777,4
E02001738,4
E02002545,4
E02001796,4
E02002521,4
E02001743,4
E02001811,4
E02002516,4
E02002504,4
E02002558,4
E02004307,4
E02001762,4
E02004340,4
E02002533,4
E02005731,4
E02001815,4
E02002502,4
E02002550,4
E02005706,4
E02002572,4
E02001772,4
E02004294,4
E02001822,4
E02001690,4
E02004324,4
E02001776,4
E02002569,4
E02002505,4
E02001729,4
E02001698,4
E02007098,4
E02001795,4
E02002555,4
E02004299,4
E02001826,4
E02001798,4
E02002535,4
E02002559,4
E02002509,4
E02004354,4
E02001725,4
E02001757,4
E02001818,4
E02002544,4
E02002489,4
E02001722,4
E02007101,4
E02004316,4
E02007106,4
E02001767,4
E02001792,4
E02004304,4
E02002508,4
E02004297,4
E02004345,4
E02001805,4
E02002494,4
E02004306,4
E02001752,4
E02005712,4
E02005724,4
E02001807,4
E02002546,4
E02005705,4
E02002484,4
E02001739,4
E02001727,4
E02007105,4
E02007102,4
E02001812,4
E02001692,4
E02005717,4
E02002532,4
E02004302,4
E02005708,4
E02005733,4
E02004343,4
E02002541,4
E02004310,4
E02001797,4
E02001771,4
E02004334,4
E02001780,4
E02004318,4
E02001706,4
E02001732,4
E02001700,4
E02004319,4
E02001793,4
E02005739,4
E02001759,4
E02001819,4
E02001702,4
E02007096,4
E02002492,4
E02004350,4
E02004309,4
E02001791,4
E02005713,4
E02002542,4
E02004295,4
E02004291,4
E02001810,4
E02002564,4
E02004312,4
E02001735,4
E02004329,4
E02002570,4
E02001748,4
E02001758,4
E02005722,4
E02002525,4
E02002513,4
E02005735,4
E02007059,4
E02005740,4
E02004355,4
E02001816,4
E02001684,4
E02002551,4
E02002547,4
E02001753,4
E02004320,4
E02001763,4
E02001779,4
E02001775,4
E02002514,4
E02002568,4
E02002499,4
E02001814,4
E02005707,4
E02001713,4
E02005718,4
E02004292,4
E02002507,4
E02001720,4
E02001769,4
E02004344,4
E02001711,4
E02002490,4
E02001749,4
E02001820,4
E02002561,4
E02002549,4
E02001754,4
E02004325,4
E02002556,4
E02001719,4
E02005741,4
E02005727,4
E02004353,4
E02004337,4
E02001744,4
E02001782,4
E02001685,4
E02005702,4
E02001806,4
E02001778,4
E02002500,4
E02002571,4
E02004298,4
E02004331,4
E02005734,4
E02004322,4
E02005719,4
E02002497,4
E02001696,4
E02004341,4
E02001817,4
E02001765,4
E02001800,4
E02001693,4
E02002554,4
E02002512,4
E02007022,4
E02001715,4
E02001786,4
E02001764,4
E02002562,4
E02007097,4
E02002538,4
E02004328,4
E02001751,4
E02006910,4
E02004338,4
E02004315,4
E02004333,4
E02001770,4
E02002573,4
E02001823,4
E02001694,4
E02001809,4
E02001808,4
E02001756,4
E02001803,4
E02001724,4
E02001728,4
E02004349,4
E02002552,4
E02001691,4
E02002498,4
E02004313,4
E02001686,4
E02001734,4
E02002102,5
E02001951,5
E02006040,5
E02006714,5
E02002950,5
E02006046,5
E02002121,5
E02001880,5
E02001922,5
E02001831,5
E02001981,5
E02006766,5
E02002045,5
E02006733,5
E02001915,5
E02002066,5
E02006021,5
E02002132,5
E02002014,5
E02001965,5
E02001895,5
E02006149,5
E02001904,5
E02006699,5
E02001869,5
E02002113,5
E02006028,5
E02002169,5
E02002161,5
E02002053,5
E02002064,5
E02006026,5
E02006498,5
E02006493,5
E02001923,5
E02006702,5
E02001833,5
E02001903,5
E02002024,5
E02001994,5
E02002083,5
E02001892,5
E02002011,5
E02001828,5
E02006513,5
E02002126,5
E02006472,5
E02002040,5
E02002177,5
E02002143,5
E02001856,5
E02001858,5
E02006222,5
E02002016,5
E02002029,5
E02006523,5
E02002934,5
E02002060,5
E02001935,5
E02002118,5
E02002112,5
E02006743,5
E02006760,5
E02002006,5
E02001958,5
E02001977,5
E02002937,5
E02006223,5
E02001870,5
E02002089,5
E02006485,5
E02006484,5
E02006756,5
E02002128,5
E02006488,5
E02001889,5
E02002075,5
E02006777,5
E02006725,5
E02006718,5
E02001920,5
E02002156,5
E02006737,5
E02001861,5
E02001838,5
E02006218,5
E02002021,5
E02006739,5
E02006037,5
E02001946,5
E02006483,5
E02006187,5
E02006778,5
E02001850,5
E02002906,5
E02002944,5
E02002942,5
E02002176,5
E02006019,5
E02006757,5
E02006696,5
E02006121,5
E02006529,5
E02006749,5
E02006745,5
E02002129,5
E02006478,5
E02002056,5
E02002072,5
E02002933,5
E02002008,5
E02001906,5
E02002130,5
E02002182,5
E02006729,5
E02001990,5
E02002158,5
E02006486,5
W02000107,5
E02006476,5
E02006029,5
E02002005,5
E02001974,5
E02006754,5
W02000101,5
E02001992,5
E02001847,5
E02001942,5
E02006217,5
W02000026,5
E02001938,5
E02006520,5
E02001843,5
E02006150,5
E02001980,5
E02006514,5
E02006744,5
E02006524,5
E02001857,5
E02006735,5
E02006726,5
E02006771,5
W02000105,5
E02001839,5
E02006701,5
E02006512,5
E02006156,5
E02001896,5
E02001952,5
E02006031,5
E02002170,5
E02002015,5
E02006014,5
E02006157,5
E02002044,5
E02002155,5
E02002091,5
E02006179,5
E02002007,5
E02006982,5
E02002028,5
E02001999,5
E02001964,5
E02001868,5
E02006769,5
E02006508,5
E02002936,5
E02002114,5
E02001909,5
E02006044,5
E02001873,5
E02001910,5
E02006129,5
E02002166,5
E02006500,5
W02000098,5
E02001982,5
E02001901,5
E02001933,5
E02006747,5
E02006045,5
E02006221,5
E02001898,5
E02006507,5
E02002151,5
E02006711,5
E02002946,5
E02002922,5
W02000116,5
E02002178,5
E02001852,5
E02002147,5
W02000102,5
E02002171,5
E02006118,5
E02006898,5
E02006152,5
E02006761,5
E02001931,5
E02001862,5
E02002031,5
E02006758,5
E02002103,5
E02002070,5
E02002106,5
E02006497,5
E02001975,5
E02002074,5
E02001905,5
E02002912,5
E02006713,5
E02001871,5
E02002051,5
E02002939,5
E02006518,5
E02002119,5
E02002013,5
E02006036,5
E02006773,5
E02006039,5
E02002910,5
W02000104,5
E02001866,5
E02006178,5
E02002930,5
E02002026,5
E02002907,5
E02002105,5
E02002098,5
E02002036,5
E02006012,5
E02006727,5
E02006009,5
E02001927,5
E02006767,5
E02002137,5
E02002139,5
E02001827,5
E02001955,5
E02006124,5
E02002122,5
E02001936,5
E02001944,5
E02002921,5
E02006153,5
E02002003,5
E02007040,5
E02006174,5
E02006710,5
E02001998,5
E02001961,5
E02006531,5
E02001937,5
E02006504,5
E02006469,5
E02002055,5
E02006015,5
E02006011,5
E02001985,5
E02001930,5
E02002000,5
E02006521,5
E02001863,5
E02001834,5
E02001963,5
E02006805,5
E02001859,5
E02002127,5
E02006807,5
E02002157,5
E02001924,5
E02001959,5
W02000100,5
E02001979,5
E02006180,5
E02006018,5
E02002167,5
E02006522,5
E02006762,5
E02006126,5
E02006751,5
E02006122,5
E02002104,5
E02002087,5
E02006219,5
E02006503,5
E02002027,5
E02002920,5
E02001947,5
E02006505,5
E02002041,5
E02006748,5
E02006753,5
E02002037,5
E02006759,5
E02002096,5
E02001865,5
E02001957,5
E02002065,5
E02006516,5
E02006475,5
E02006502,5
E02002947,5
E02002071,5
E02002088,5
E02006770,5
E02001928,5
E02006220,5
E02006525,5
E02002107,5
E02006481,5
E02006119,5
E02001879,5
E02007038,5
E02006775,5
E02006764,5
E02001876,5
E02002020,5
E02002116,5
E02001849,5
E02006722,5
E02002175,5
E02002109,5
E02001893,5
E02001860,5
E02002054,5
E02002110,5
E02006532,5
E02006752,5
E02001929,5
E02002086,5
E02006471,5
E02001867,5
E02006720,5
E02006943,5
E02006742,5
E02002084,5
E02006125,5
E02006181,5
E02002009,5
E02006010,5
E02002062,5
E02005621,5
E02006896,5
E02001972,5
E02002159,5
E02002931,5
E02006186,5
E02006175,5
E02002082,5
E02002949,5
E02006043,5
E02001991,5
E02002905,5
E02006147,5
E02006533,5
E02006515,5
E02006715,5
E02002004,5
E02006041,5
E02001841,5
E02002038,5
E02006130,5
E02002039,5
E02002025,5
E02001918,5
W02000103,5
E02002179,5
E02006738,5
E02001842,5
E02001844,5
E02006527,5
E02002916,5
E02001993,5
E02006900,5
E02002120,5
E02006717,5
E02006526,5
E02006779,5
E02002913,5
E02001973,5
E02002047,5
E02001925,5
E02006496,5
E02002908,5
E02001835,5
E02006226,5
E02002077,5
E02002057,5
E02001913,5
E02001954,5
E02006034,5
E02006480,5
E02006224,5
E02006703,5
E02006030,5
E02002049,5
E02001996,5
E02001888,5
E02002149,5
E02002085,5
E02006495,5
E02002099,5
E02006709,5
E02001987,5
E02006008,5
E02002058,5
E02001989,5
E02002090,5
E02006772,5
E02002164,5
E02006723,5
E02002174,5
E02002138,5
E02006706,5
E02006895,5
E02002125,5
E02002165,5
E02006750,5
E02006127,5
E02002929,5
E02002163,5
E02006698,5
E02002915,5
E02006528,5
E02002067,5
E02006510,5
E02007050,5
E02001908,5
E02002030,5
E02002080,5
E02001978,5
E02002153,5
E02002069,5
E02006780,5
E02006120,5
E02001855,5
E02001875,5
E02001926,5
W02000097,5
E02001966,5
E02006705,5
E02006185,5
E02002111,5
E02004615,5
E02002924,5
E02006499,5
E02006020,5
E02006473,5
E02006470,5
E02002059,5
E02006755,5
E02002042,5
E02002142,5
E02002117,5
E02002932,5
E02006517,5
E02002917,5
E02006746,5
E02001851,5
E02001846,5
E02002135,5
E02002938,5
E02002032,5
E02006530,5
E02006501,5
E02002918,5
E02002001,5
E02002002,5
E02002148,5
E02002140,5
E02002911,5
E02001845,5
E02002035,5
E02006177,5
E02001976,5
E02002048,5
E02006477,5
E02001934,5
E02002180,5
E02006806,5
E02002123,5
E02006474,5
E02002023,5
E02002101,5
E02002022,5
E02001832,5
E02002919,5
E02006482,5
E02001890,5
E02001943,5
E02002079,5
E02002168,5
E02006033,5
E02006487,5
E02006899,5
E02002160,5
E02006734,5
E02006151,5
E02006035,5
E02002063,5
E02001902,5
E02001997,5
E02002018,5
E02006506,5
E02006022,5
E02002941,5
E02002136,5
E02006148,5
E02006128,5
E02006765,5
E02001969,5
E02002150,5
E02001953,5
E02001950,5
E02002094,5
E02002144,5
E02002033,5
E02002095,5
E02006154,5
E02007048,5
E02006032,5
E02002146,5
E02002078,5
E02002115,5
E02001836,5
E02002909,5
E02001932,5
E02006042,5
E02006146,5
E02002928,5
E02001840,5
E02001877,5
E02006176,5
W02000099,5
E02001945,5
E02002073,5
E02006894,5
E02002017,5
E02002052,5
E02001968,5
E02006013,5
E02001988,5
E02001971,5
E02002914,5
E02001939,5
E02002940,5
E02002162,5
E02001962,5
E02006182,5
E02001986,5
E02002152,5
E02006123,5
E02002061,5
E02001911,5
E02002012,5
E02001995,5
E02001984,5
E02006494,5
W02000106,5
E02001878,5
E02002081,5
E02002019,5
E02002093,5
E02001886,5
E02001919,5
E02006740,5
E02002092,5
E02001897,5
E02006719,5
E02006712,5
E02006774,5
E02006897,5
E02002131,5
E02001907,5
E02002124,5
E02006707,5
E02002935,5
E02006025,5
E02006479,5
E02006704,5
E02001848,5
E02002076,5
E02001916,5
E02001883,5
E02002010,5
E02006509,5
E02006708,5
E02001884,5
E02001829,5
E02006721,5
E02001882,5
E02001837,5
E02002133,5
E02001983,5
E02006697,5
E02006776,5
E02006490,5
E02006731,5
E02001948,5
E02006730,5
E02001899,5
E02001970,5
E02002948,5
E02002034,5
E02006716,5
E02006519,5
E02006038,5
E02002134,5
E02002108,5
E02002181,5
E02006468,5
E02006741,5
E02001941,5
E02002154,5
E02006763,5
E02001914,5
E02006489,5
E02006155,5
E02006768,5
E02006724,5
E02002141,5
E02001956,5
E02001967,5
E02001830,5
E02001921,5
E02002046,5
E02002945,5
E02006736,5
E02001874,5
E02002097,5
E02001872,5
E02001949,5
E02006511,5
E02006728,5
E02002043,5
E02001881,5
E02001900,5
E02002145,5
E02006732,5
E02006700,5
E02006225,5
E02000366,6
E02006306,6
E02003282,6
E02006250,6
E02006283,6
E02000484,6
E02006290,6
E02004551,6
E02006291,6
E02006241,6
E02004519,6
E02005567,6
E02006294,6
E02006246,6
E02005526,6
E02004531,6
E02004547,6
E02000476,6
E02004434,6
E02005518,6
E02003792,6
E02004555,6
E02000018,6
E02006293,6
E02004430,6
E02000779,6
E02004464,6
E02000760,6
E02000902,6
E02005606,6
E02005520,6
E02003735,6
E02006304,6
E02006227,6
E02003308,6
E02000876,6
E02005549,6
E02007020,6
E02000897,6
E02006800,6
E02000918,6
E02004581,6
E02005535,6
E02000354,6
E02003307,6
E02000487,6
E02004516,6
E02004587,6
E02000921,6
E02005565,6
E02004495,6
E02006232,6
E02003292,6
E02004595,6
E02006255,6
E02000730,6
E02004468,6
E02000722,6
E02006305,6
E02004441,6
E02003727,6
E02005611,6
E02003770,6
E02000768,6
E02004508,6
E02004583,6
E02003789,6
E02004566,6
E02005601,6
E02005539,6
E02005508,6
E02004524,6
E02000367,6
E02005584,6
E02003785,6
E02000742,6
E02004544,6
E02006277,6
E02005604,6
E02004536,6
E02000773,6
E02006268,6
E02003758,6
E02000467,6
E02000019,6
E02005603,6
E02005511,6
E02004572,6
E02000015,6
E02004496,6
E02005608,6
E02000917,6
E02004563,6
E02003766,6
E02000915,6
E02000884,6
E02004575,6
E02000916,6
E02004558,6
E02004436,6
E02006301,6
E02000748,6
E02000368,6
E02005574,6
E02004517,6
E02003784,6
E02004433,6
E02000013,6
E02003294,6
E02000464,6
E02004463,6
E02004599,6
E02006316,6
E02006278,6
E02000741,6
E02005525,6
E02007113,6
E02006287,6
E02000485,6
E02004541,6
E02006261,6
E02003787,6
E02004497,6
E02000905,6
E02000350,6
E02004512,6
E02005570,6
E02000920,6
E02006996,6
E02004472,6
E02005533,6
E02006243,6
E02000875,6
E02004479,6
E02000736,6
E02000883,6
E02004483,6
E02003281,6
E02000906,6
E02000364,6
E02003290,6
E02005599,6
E02004577,6
E02004592,6
E02000882,6
E02004580,6
E02000721,6
E02000011,6
E02004553,6
E02003791,6
E02007057,6
E02006311,6
E02000472,6
E02006262,6
E02006248,6
E02007054,6
E02004548,6
E02003309,6
E02000881,6
E02003298,6
E02003279,6
E02006273,6
E02005607,6
E02000466,6
E02006229,6
E02005593,6
E02007005,6
E02005524,6
E02000777,6
E02006272,6
E02005556,6
E02005610,6
E02005523,6
E02006264,6
E02006300,6
E02006270,6
E02000749,6
E02000908,6
E02000004,6
E02000733,6
E02004570,6
E02007085,6
E02000770,6
E02000756,6
E02004882,6
E02007018,6
E02000878,6
E02006979,6
E02004429,6
E02000904,6
E02006303,6
E02006239,6
E02006238,6
E02004598,6
E02004431,6
E02005509,6
E02000872,6
E02004499,6
E02003773,6
E02003762,6
E02000363,6
E02004491,6
E02004564,6
E02006307,6
E02005552,6
E02005527,6
E02000734,6
E02006312,6
E02004489,6
E02006296,6
E02000486,6
E02004557,6
E02004475,6
E02000874,6
E02000873,6
E02004456,6
E02000010,6
E02006237,6
E02007108,6
E02006266,6
E02006908,6
E02005504,6
E02000763,6
E02000478,6
E02000005,6
E02000477,6
E02004584,6
E02000469,6
E02000887,6
E02004473,6
E02000720,6
E02006253,6
E02004488,6
E02000489,6
E02003734,6
E02000745,6
E02005571,6
E02004591,6
E02004533,6
E02003303,6
E02000765,6
E02005522,6
E02004571,6
E02004503,6
E02003301,6
E02006799,6
E02004527,6
E02004458,6
E02006281,6
E02004469,6
E02004501,6
E02006298,6
E02000903,6
E02004426,6
E02005551,6
E02004446,6
E02006233,6
E02000020,6
E02005505,6
E02004425,6
E02000017,6
E02005600,6
E02000008,6
E02004559,6
E02005541,6
E02003731,6
E02005586,6
E02004484,6
E02005594,6
E02006998,6
E02006285,6
E02006292,6
E02003289,6
E02000867,6
E02006302,6
E02000359,6
E02005532,6
E02004445,6
E02006276,6
E02004439,6
E02003732,6
E02004490,6
E02000781,6
E02005540,6
E02004582,6
E02006310,6
E02000783,6
E02000909,6
E02006874,6
E02006265,6
E02003300,6
E02004573,6
E02005544,6
E02000007,6
E02004480,6
E02004561,6
E02000725,6
E02006284,6
E02003299,6
E02005521,6
E02004476,6
E02004460,6
E02004568,6
E02000358,6
E02006922,6
E02005553,6
E02005543,6
E02004588,6
E02004569,6
E02004443,6
E02005538,6
E02000482,6
E02005596,6
E02006925,6
E02004884,6
E02000492,6
E02000490,6
E02004477,6
E02004552,6
E02004888,6
E02000746,6
E02000369,6
E02000922,6
E02000910,6
E02004597,6
E02000764,6
E02005528,6
E02003729,6
E02000370,6
E02000869,6
E02007087,6
E02004586,6
E02004444,6
E02003733,6
E02005534,6
E02004454,6
E02005566,6
E02006269,6
E02004505,6
E02004543,6
E02006231,6
E02005557,6
E02005506,6
E02005560,6
E02005563,6
E02003725,6
E02000911,6
E02003769,6
E02000767,6
E02003777,6
E02003736,6
E02000907,6
E02004549,6
E02006240,6
E02003772,6
E02005605,6
E02003765,6
E02005542,6
E02000870,6
E02006853,6
E02006926,6
E02004532,6
E02000889,6
E02005516,6
E02006859,6
E02006275,6
E02005582,6
E02006256,6
E02000474,6
E02000023,6
E02004465,6
E02007053,6
E02004470,6
E02005561,6
E02003284,6
E02000774,6
E02004585,6
E02003740,6
E02004481,6
E02000483,6
E02000735,6
E02003724,6
E02000732,6
E02000738,6
E02006235,6
E02003761,6
E02005587,6
E02006252,6
E02005576,6
E02005531,6
E02000481,6
E02004529,6
E02004492,6
E02005529,6
E02006259,6
E02003790,6
E02005602,6
E02005588,6
E02000361,6
E02000740,6
E02005548,6
E02000776,6
E02003722,6
E02000879,6
E02004500,6
E02006271,6
E02003780,6
E02005537,6
E02005583,6
E02003311,6
E02003305,6
E02000898,6
E02000894,6
E02004471,6
E02006314,6
E02005578,6
E02005519,6
E02000715,6
E02000886,6
E02005507,6
E02004467,6
E02004594,6
E02006242,6
E02004521,6
E02004514,6
E02003286,6
E02000753,6
E02003280,6
E02003283,6
E02000714,6
E02000885,6
E02006236,6
E02005568,6
E02004493,6
E02000913,6
E02005592,6
E02003767,6
E02000718,6
E02003778,6
E02000473,6
E02004593,6
E02005589,6
E02005569,6
E02005585,6
E02003291,6
E02005512,6
E02005580,6
E02000723,6
E02004518,6
E02000479,6
E02005555,6
E02004455,6
E02000899,6
E02006279,6
E02000865,6
E02005558,6
E02005517,6
E02000752,6
E02006234,6
E02005581,6
E02000744,6
E02003726,6
E02006981,6
E02003768,6
E02005575,6
E02006873,6
E02003771,6
E02006308,6
E02003295,6
E02004525,6
E02005564,6
E02004507,6
E02003738,6
E02000912,6
E02003776,6
E02004427,6
E02000022,6
E02004556,6
E02006924,6
E02004881,6
E02004448,6
E02003285,6
E02004428,6
E02006289,6
E02006228,6
E02000471,6
E02006274,6
E02005573,6
E02003296,6
E02004459,6
E02003739,6
E02006907,6
E02007032,6
E02000003,6
E02004474,6
E02004545,6
E02000888,6
E02000755,6
E02000353,6
E02000716,6
E02005510,6
E02003297,6
E02004554,6
E02000893,6
E02000009,6
E02004540,6
E02004589,6
E02003788,6
E02004432,6
E02006254,6
E02005546,6
E02004578,6
E02004567,6
E02003775,6
E02000871,6
E02004447,6
E02000762,6
E02004462,6
E02006247,6
E02004885,6
E02004453,6
E02004440,6
E02000895,6
E02000880,6
E02005572,6
E02000758,6
E02005550,6
E02003302,6
E02000357,6
E02000900,6
E02004539,6
E02000759,6
E02004538,6
E02000754,6
E02005530,6
E02006313,6
E02003293,6
E02004435,6
E02000470,6
E02006230,6
E02000739,6
E02003723,6
E02004526,6
E02000877,6
E02003763,6
E02006282,6
E02000016,6
E02000014,6
E02004523,6
E02004530,6
E02000717,6
E02004457,6
E02003759,6
E02000719,6
E02006297,6
E02004579,6
E02003719,6
E02005503,6
E02003757,6
E02000868,6
E02006286,6
E02000488,6
E02004590,6
E02003720,6
E02004596,6
E02004574,6
E02000465,6
E02004485,6
E02003728,6
E02004451,6
E02000021,6
E02004442,6
E02005513,6
E02004562,6
E02003764,6
E02000743,6
E02004522,6
E02000493,6
E02006245,6
E02006263,6
E02003312,6
E02000012,6
E02003786,6
E02006267,6
E02004487,6
E02000729,6
E02006918,6
E02005545,6
E02003304,6
E02006251,6
E02004546,6
E02003737,6
E02004478,6
E02000362,6
E02004513,6
E02004450,6
E02003287,6
E02000731,6
E02004424,6
E02003774,6
E02004438,6
E02000864,6
E02005514,6
E02004550,6
E02000727,6
E02004560,6
E02005598,6
E02005559,6
E02004498,6
E02006921,6
E02000782,6
E02004535,6
E02000491,6
E02005536,6
E02004504,6
E02003781,6
E02000866,6
E02006315,6
E02005554,6
E02004466,6
E02005577,6
E02006299,6
E02004542,6
E02006257,6
E02000480,6
E02000355,6
E02000772,6
E02000896,6
E02000475,6
E02006258,6
E02000747,6
E02006295,6
E02004506,6
E02004437,6
E02006249,6
E02005515,6
E02005547,6
E02000468,6
E02004486,6
E02003760,6
E02000728,6
E02000757,6
E02005609,6
E02005595,6
E02004452,6
E02003288,6
E02006288,6
E02004449,6
E02000724,6
E02004482,6
E02004515,6
E02003721,6
E02006260,6
E02004537,6
E02000751,6
E02004461,6
E02000737,6
E02006309,6
E02000914,6
E02000919,6
E02004502,6
E02003313,6
E02006280,6
E02000360,6
E02004520,6
E02000901,6
E02005562,6
E02000002,6
E02004576,6
E02002756,7
E02001673,7
E02001636,7
E02002695,7
E02002188,7
E02002210,7
E02002271,7
E02002473,7
E02001570,7
E02002187,7
E02002232,7
E02002757,7
E02002723,7
E02001524,7
E02002400,7
E02001661,7
E02002219,7
E02002396,7
E02001655,7
E02002387,7
E02002292,7
E02002772,7
E02004108,7
E02002262,7
E02002299,7
E02002417,7
E02004105,7
E02002663,7
E02002249,7
E02004068,7
E02002657,7
E02002379,7
E02001621,7
E02002351,7
E02002404,7
E02001627,7
E02001586,7
E02001544,7
E02002266,7
E02002777,7
E02002750,7
E02002382,7
E02001648,7
E02002667,7
E02001509,7
E02002244,7
E02002666,7
E02001680,7
E02002381,7
E02001579,7
E02001588,7
E02001518,7
E02001679,7
E02002722,7
E02002761,7
E02002654,7
E02001549,7
E02002264,7
E02001565,7
E02001672,7
E02002712,7
E02002426,7
E02002275,7
E02002677,7
E02002367,7
E02001545,7
E02001609,7
E02002203,7
E02001520,7
E02005493,7
E02004110,7
E02001521,7
E02002390,7
E02001582,7
E02002791,7
E02002370,7
E02002455,7
E02002441,7
E02002395,7
E02001529,7
E02002762,7
E02006946,7
E02002453,7
E02002745,7
E02002682,7
E02002459,7
E02002773,7
E02001602,7
E02002447,7
E02002356,7
E02002717,7
E02002385,7
E02002314,7
E02001592,7
E02002743,7
E02001633,7
E02002228,7
E02001598,7
E02001600,7
E02001567,7
E02001625,7
E02002788,7
E02002258,7
E02001593,7
E02001512,7
E02002309,7
E02002366,7
E02002278,7
E02002668,7
E02002736,7
E02002212,7
E02002383,7
E02001604,7
E02002241,7
E02001620,7
E02002779,7
E02001590,7
E02002418,7
E02002699,7
E02002678,7
E02002782,7
E02002347,7
E02002658,7
E02002479,7
E02002196,7
E02002301,7
E02002711,7
E02002380,7
E02001540,7
E02001651,7
E02001589,7
E02001630,7
E02002439,7
E02001596,7
E02002334,7
E02002661,7
E02002653,7
E02001663,7
E02002787,7
E02002223,7
E02002411,7
E02002408,7
E02002237,7
E02002336,7
E02002253,7
E02002279,7
E02002764,7
E02001583,7
E02002231,7
E02001542,7
E02002686,7
E02001635,7
E02002184,7
E02002201,7
E02002245,7
E02002363,7
E02002659,7
E02002789,7
E02001674,7
E02002784,7
E02002780,7
E02002224,7
E02002327,7
E02001591,7
E02001568,7
E02002407,7
E02005492,7
E02002770,7
E02001638,7
E02002673,7
E02005835,7
E02002450,7
E02001626,7
E02002428,7
E02002434,7
E02002708,7
E02002775,7
E02002283,7
E02002474,7
E02002362,7
E02002763,7
E02002410,7
E02002254,7
E02002204,7
E02002323,7
E02002300,7
E02001513,7
E02002726,7
E02002373,7
E02002688,7
E02002697,7
E02001573,7
E02002286,7
E02001574,7
E02004109,7
E02001659,7
E02002476,7
E02001617,7
E02002391,7
E02002389,7
E02002725,7
E02002291,7
E02002406,7
E02001666,7
E02002239,7
E02002466,7
E02001557,7
E02002207,7
E02001654,7
E02002252,7
E02004106,7
E02002765,7
E02002208,7
E02002460,7
E02002730,7
E02002700,7
E02002344,7
E02001533,7
E02001671,7
E02001523,7
E02002437,7
E02002236,7
E02001665,7
E02002675,7
E02002760,7
E02002353,7
E02006892,7
E02001614,7
E02002295,7
E02001656,7
E02002369,7
E02002480,7
E02002704,7
E02002655,7
E02002672,7
E02002346,7
E02002427,7
E02002222,7
E02001551,7
E02001618,7
E02002680,7
E02002724,7
E02001628,7
E02002705,7
E02002326,7
E02001585,7
E02002740,7
E02002462,7
E02002305,7
E02002747,7
E02006803,7
E02002689,7
E02001556,7
E02001525,7
E02002260,7
E02001643,7
E02002227,7
E02002329,7
E02005837,7
E02001546,7
E02002468,7
E02002456,7
E02002352,7
E02002676,7
E02002477,7
E02005840,7
E02002303,7
E02002183,7
E02002189,7
E02002701,7
E02002318,7
E02002293,7
E02002696,7
E02001669,7
E02002214,7
E02001623,7
E02002793,7
E02002481,7
E02002225,7
E02002766,7
E02002669,7
E02002307,7
E02002709,7
E02002419,7
E02002332,7
E02002256,7
E02002321,7
E02002482,7
E02002220,7
E02002269,7
E02002202,7
E02002393,7
E02002304,7
E02002684,7
E02002665,7
E02001594,7
E02001558,7
E02006876,7
E02002242,7
E02006891,7
E02002197,7
E02002687,7
E02006804,7
E02002790,7
E02002298,7
E02002250,7
E02002268,7
E02001522,7
E02002325,7
E02002710,7
E02002240,7
E02001562,7
E02006903,7
E02002778,7
E02002751,7
E02002216,7
E02002457,7
E02002662,7
E02001554,7
E02002768,7
E02001555,7
E02002198,7
E02002277,7
E02002394,7
E02002261,7
E02002294,7
E02001647,7
E02002786,7
E02001515,7
E02001605,7
E02001606,7
E02001517,7
E02002280,7
E02001519,7
E02002430,7
E02002251,7
E02002199,7
E02002737,7
E02006852,7
E02005838,7
E02002458,7
E02001561,7
E02002693,7
E02001603,7
E02002692,7
E02002357,7
E02002720,7
E02001559,7
E02002795,7
E02001532,7
E02001662,7
E02002248,7
E02001576,7
E02002721,7
E02002431,7
E02001611,7
E02002310,7
E02001563,7
E02001581,7
E02001587,7
E02002794,7
E02002698,7
E02001541,7
E02002734,7
E02002451,7
E02002246,7
E02002217,7
E02002424,7
E02002452,7
E02002738,7
E02001622,7
E02002368,7
E02002421,7
E02002315,7
E02002405,7
E02002716,7
E02002398,7
E02002397,7
E02002386,7
E02001650,7
E02002215,7
E02001675,7
E02001580,7
E02002238,7
E02001553,7
E02007079,7
E02002229,7
E02002193,7
E02002771,7
E02001566,7
E02001652,7
E02002420,7
E02002375,7
E02002470,7
E02002191,7
E02002290,7
E02002444,7
E02002753,7
E02002732,7
E02002267,7
E02002284,7
E02001676,7
E02002403,7
E02001612,7
E02001536,7
E02001670,7
E02002703,7
E02002255,7
E02001610,7
E02006861,7
E02002281,7
E02001528,7
E02002464,7
E02001578,7
E02001613,7
E02002282,7
E02001548,7
E02002274,7
E02002200,7
E02002776,7
E02002206,7
E02002392,7
E02002758,7
E02002472,7
E02002436,7
E02002330,7
E02001552,7
E02002469,7
E02002664,7
E02002774,7
E02002190,7
E02002656,7
E02002728,7
E02002422,7
E02002412,7
E02001624,7
E02002707,7
E02002792,7
E02002755,7
E02002767,7
E02002342,7
E02002308,7
E02001649,7
E02002288,7
E02002443,7
E02002297,7
E02007002,7
E02002335,7
E02002442,7
E02002377,7
E02002322,7
E02002681,7
E02002265,7
E02001547,7
E02001526,7
E02002475,7
E02002324,7
E02002205,7
E02002340,7
E02001640,7
E02002306,7
E02002440,7
E02001516,7
E02002331,7
E02006869,7
E02002423,7
E02001571,7
E02002339,7
E02001510,7
E02002354,7
E02002754,7
E02002345,7
E02002235,7
E02002317,7
E02002195,7
E02002230,7
E02001534,7
E02001584,7
E02002337,7
E02002296,7
E02002349,7
E02002364,7
E02001658,7
E02001616,7
E02002718,7
E02002448,7
E02002257,7
E02002376,7
E02001514,7
E02002471,7
E02002312,7
E02002211,7
E02002744,7
E02001678,7
E02001527,7
E02001639,7
E02002313,7
E02002311,7
E02002671,7
E02002691,7
E02002350,7
E02002399,7
E02002243,7
E02002343,7
E02005836,7
E02002729,7
E02002320,7
E02002185,7
E02002679,7
E02002194,7
E02002359,7
E02001664,7
E02002425,7
E02001681,7
E02002360,7
E02002660,7
E02002719,7
E02002374,7
E02002361,7
E02002328,7
E02001642,7
E02001653,7
E02002465,7
E02002674,7
E02002702,7
E02001543,7
E02001634,7
E02001657,7
E02002259,7
E02001575,7
E02002467,7
E02002446,7
E02002685,7
E02001550,7
E02001560,7
E02002401,7
E02002276,7
E02002319,7
E02007081,7
E02001564,7
E02002218,7
E02002449,7
E02002781,7
E02001538,7
E02002338,7
E02001569,7
E02002272,7
E02001572,7
E02002783,7
E02002746,7
E02002285,7
E02002402,7
E02002302,7
E02002769,7
E02002289,7
E02001577,7
E02001607,7
E02002748,7
E02001539,7
E02001629,7
E02002731,7
E02001595,7
E02002752,7
E02002209,7
E02002414,7
E02004055,7
E02001615,7
E02002358,7
E02001619,7
E02002192,7
E02002454,7
E02001608,7
E02002226,7
E02002348,7
E02005424,7
E02006843,7
E02002715,7
E02002341,7
E02002416,7
E02006875,7
E02002273,7
E02002463,7
E02001646,7
E02002270,7
E02002714,7
E02001632,7
E02002435,7
E02002706,7
E02006844,7
E02002433,7
E02002409,7
E02002739,7
E02001631,7
E02002371,7
E02002445,7
E02002733,7
E02002785,7
E02002384,7
E02001531,7
E02002749,7
E02001637,7
E02002461,7
E02002478,7
E02006868,7
E02001597,7
E02002741,7
E02002213,7
E02002759,7
E02002727,7
E02002438,7
E02002233,7
E02001530,7
E02001535,7
E02002670,7
E02001660,7
E02002694,7
E02002247,7
E02002333,7
E02002388,7
E02002263,7
E02002287,7
E02002432,7
E02002234,7
E02002429,7
E02001511,7
E02002415,7
E02006947,7
E02002316,7
E02001537,7
E02002903,8
E02002866,8
E02002885,8
E02002815,8
E02005427,8
E02005892,8
E02005639,8
E02005466,8
E02005382,8
E02005907,8
E02005415,8
E02006905,8
E02005380,8
E02004082,8
E02003748,8
E02005374,8
E02005825,8
E02005886,8
E02005389,8
E02005876,8
E02005681,8
E02003246,8
E02005821,8
E02005906,8
E02005916,8
E02005354,8
E02005448,8
E02005828,8
E02006906,8
E02002869,8
E02003756,8
E02004072,8
E02006877,8
E02004080,8
E02002904,8
E02002818,8
E02005671,8
E02005631,8
E02005462,8
E02002864,8
E02005859,8
E02002851,8
E02005486,8
E02005827,8
E02003744,8
E02005352,8
E02005483,8
E02005341,8
E02004037,8
E02005640,8
E02004059,8
E02005402,8
E02005668,8
E02005685,8
E02002883,8
E02005502,8
E02005423,8
E02005850,8
E02004057,8
E02004078,8
E02005439,8
E02005497,8
E02005885,8
E02004052,8
E02005889,8
E02005628,8
E02005480,8
E02005858,8
E02004029,8
E02005451,8
E02006144,8
E02004123,8
E02005403,8
E02005385,8
E02003749,8
E02003254,8
E02005373,8
E02005860,8
E02003241,8
E02002829,8
E02006864,8
E02004086,8
E02006141,8
E02005622,8
E02005340,8
E02005870,8
E02003250,8
E02006878,8
E02005903,8
E02003743,8
E02004111,8
E02004091,8
E02005695,8
E02004046,8
E02005699,8
E02005381,8
E02005359,8
E02004031,8
E02002810,8
E02005379,8
E02002897,8
E02005384,8
E02005469,8
E02002828,8
E02005680,8
E02005882,8
E02005820,8
E02005394,8
E02005895,8
E02005662,8
E02005416,8
E02003745,8
E02004075,8
E02005419,8
E02005627,8
E02005476,8
E02005641,8
E02005475,8
E02004116,8
E02005455,8
E02002820,8
E02002863,8
E02002847,8
E02002798,8
E02005393,8
E02005336,8
E02005452,8
E02007082,8
E02002819,8
E02005619,8
E02002887,8
E02002838,8
E02005666,8
E02004114,8
E02002865,8
E02005626,8
E02005849,8
E02005646,8
E02005387,8
E02002888,8
E02005361,8
E02005398,8
E02002891,8
E02005919,8
E02005697,8
E02005399,8
E02005648,8
E02004065,8
E02005908,8
E02005386,8
E02005894,8
E02003459,8
E02005634,8
E02002826,8
E02004061,8
E02005612,8
E02003249,8
E02002890,8
E02002877,8
E02005896,8
E02004060,8
E02005499,8
E02005852,8
E02005822,8
E02005487,8
E02005371,8
E02002846,8
E02005440,8
E02004118,8
E02005395,8
E02002867,8
E02005869,8
E02005405,8
E02002797,8
E02005358,8
E02005917,8
E02002849,8
E02003750,8
E02005650,8
E02005468,8
E02002886,8
E02006145,8
E02002896,8
E02007073,8
E02005461,8
E02004038,8
E02003747,8
E02002837,8
E02005613,8
E02005823,8
E02005918,8
E02006920,8
E02002811,8
E02005635,8
E02005485,8
E02002803,8
E02005630,8
E02004117,8
E02005383,8
E02005624,8
E02002845,8
E02005456,8
E02005642,8
E02005357,8
E02004048,8
E02003754,8
E02005643,8
E02005501,8
E02003257,8
E02004092,8
E02004045,8
E02005458,8
E02002848,8
E02004119,8
E02004054,8
E02005832,8
E02005449,8
E02005645,8
E02003242,8
E02005620,8
E02002809,8
E02003237,8
E02002892,8
E02006965,8
E02006867,8
E02003238,8
E02005363,8
E02002862,8
E02002898,8
E02002802,8
E02004077,8
E02004087,8
E02005434,8
E02005614,8
E02005392,8
E02005875,8
E02004032,8
E02005442,8
E02005377,8
E02005909,8
E02005463,8
E02005348,8
E02002901,8
E02005473,8
E02002836,8
E02005417,8
E02005900,8
E02003247,8
E02005863,8
E02005349,8
E02005437,8
E02002871,8
E02002827,8
E02004040,8
E02005396,8
E02005683,8
E02005914,8
E02005912,8
E02005444,8
E02005342,8
E02002843,8
E02004067,8
E02005834,8
E02005409,8
E02002834,8
E02005861,8
E02002839,8
E02005431,8
E02005899,8
E02005425,8
E02003251,8
E02005438,8
E02006919,8
E02002860,8
E02003255,8
E02005375,8
E02005491,8
E02005457,8
E02002807,8
E02002882,8
E02003755,8
E02003752,8
E02004058,8
E02005891,8
E02005390,8
E02005675,8
E02005669,8
E02006850,8
E02006142,8
E02004030,8
E02002881,8
E02005696,8
E02002852,8
E02005471,8
E02005846,8
E02005464,8
E02005651,8
E02005868,8
E02002874,8
E02002821,8
E02005347,8
E02005430,8
E02005364,8
E02005655,8
E02005826,8
E02005862,8
E02005429,8
E02002796,8
E02002832,8
E02005343,8
E02005370,8
E02005420,8
E02005474,8
E02005632,8
E02005843,8
E02005644,8
E02003248,8
E02005376,8
E02004039,8
E02005839,8
E02003753,8
E02005436,8
E02002822,8
E02005672,8
E02005356,8
E02005490,8
E02004084,8
E02004089,8
E02006851,8
E02005369,8
E02005481,8
E02005408,8
E02002854,8
E02005673,8
E02005658,8
E02002805,8
E02005829,8
E02005623,8
E02005465,8
E02004121,8
E02004064,8
E02005676,8
E02002799,8
E02005446,8
E02005661,8
E02005654,8
E02005831,8
E02005881,8
E02003243,8
E02005842,8
E02002817,8
E02002857,8
E02002876,8
E02005404,8
E02005873,8
E02005653,8
E02004049,8
E02005414,8
E02006139,8
E02005397,8
E02007071,8
E02002824,8
E02006134,8
E02002872,8
E02004090,8
E02005353,8
E02005856,8
E02005368,8
E02002856,8
E02005682,8
E02003244,8
E02004066,8
E02005857,8
E02005888,8
E02002853,8
E02005657,8
E02005496,8
E02002855,8
E02005616,8
E02005412,8
E02004128,8
E02003239,8
E02004036,8
E02005660,8
E02004088,8
E02005488,8
E02006866,8
E02005400,8
E02005629,8
E02005362,8
E02005378,8
E02005877,8
E02005663,8
E02004112,8
E02005879,8
E02006143,8
E02005872,8
E02005372,8
E02005864,8
E02005422,8
E02003751,8
E02002895,8
E02002833,8
E02003746,8
E02003240,8
E02005484,8
E02005625,8
E02002889,8
E02005435,8
E02005911,8
E02005477,8
E02002893,8
E02005344,8
E02005388,8
E02005652,8
E02005871,8
E02005659,8
E02004083,8
E02002825,8
E02002861,8
E02004056,8
E02005460,8
E02005847,8
E02004076,8
E02003742,8
E02002875,8
E02005334,8
E02005450,8
E02004050,8
E02005904,8
E02005692,8
E02005467,8
E02005898,8
E02005345,8
E02006137,8
E02004069,8
E02005418,8
E02005360,8
E02006904,8
E02005884,8
E02005893,8
E02005664,8
E02003252,8
E02004063,8
E02005698,8
E02005677,8
E02005901,8
E02005633,8
E02005693,8
E02005844,8
E02005443,8
E02005365,8
E02005447,8
E02002902,8
E02005500,8
E02004125,8
E02004126,8
E02005407,8
E02005406,8
E02004051,8
E02005878,8
E02005865,8
E02005391,8
E02005833,8
E02002830,8
E02005665,8
E02002800,8
E02005913,8
E02005819,8
E02002813,8
E02005498,8
E02005848,8
E02005656,8
E02005701,8
E02006967,8
E02005897,8
E02005470,8
E02005489,8
E02005830,8
E02005337,8
E02005346,8
E02005494,8
E02005851,8
E02005902,8
E02004085,8
E02005479,8
E02006140,8
E02005853,8
E02006862,8
E02005887,8
E02002823,8
E02005920,8
E02007029,8
E02005910,8
E02004062,8
E02005700,8
E02005366,8
E02002878,8
E02004113,8
E02003245,8
E02002868,8
E02005615,8
E02005824,8
E02004035,8
E02002884,8
E02004124,8
E02005880,8
E02002842,8
E02006135,8
E02005355,8
E02004047,8
E02005338,8
E02005670,8
E02004122,8
E02004073,8
E02005401,8
E02005432,8
E02002873,8
E02004044,8
E02005495,8
E02005637,8
E02002808,8
E02002814,8
E02005428,8
E02005883,8
E02006138,8
E02004115,8
E02004120,8
E02005636,8
E02005915,8
E02004041,8
E02004043,8
E02005482,8
E02004033,8
E02005335,8
E02005684,8
E02006863,8
E02002816,8
E02005453,8
E02005478,8
E02005350,8
E02005667,8
E02004081,8
E02002812,8
E02002844,8
E02004053,8
E02005445,8
E02005890,8
E02005459,8
E02005339,8
E02005694,8
E02003253,8
E02002801,8
E02005679,8
E02002858,8
E02005433,8
E02006865,8
E02002879,8
E02005874,8
E02005674,8
E02002804,8
E02002880,8
E02005647,8
E02005866,8
E02002831,8
E02005617,8
E02005441,8
E02005351,8
E02004034,8
E02004074,8
E02005905,8
E02005426,8
E02002806,8
E02005638,8
E02005472,8
E02004256,9
E02003403,9
E02003560,9
E02005963,9
E02005922,9
E02003588,9
E02003574,9
E02003406,9
E02005981,9
E02004700,9
E02004269,9
E02004684,9
E02004255,9
E02006002,9
E02006001,9
E02004679,9
E02004822,9
E02003534,9
E02004745,9
E02004240,9
E02003535,9
E02005965,9
E02004247,9
E02006354,9
E02004696,9
E02005935,9
E02003186,9
E02006460,9
E02004830,9
E02005942,9
E02006000,9
E02004766,9
E02004735,9
E02003211,9
E02006662,9
E02003590,9
E02004828,9
E02003597,9
E02003396,9
E02005943,9
E02004270,9
E02004831,9
E02004687,9
E02004797,9
E02003206,9
E02003394,9
E02003448,9
E02004241,9
E02003556,9
E02004286,9
E02003361,9
E02003395,9
E02004840,9
E02004246,9
E02004617,9
E02003452,9
E02003550,9
E02004818,9
E02004263,9
E02006450,9
E02003180,9
E02004815,9
E02003549,9
E02005926,9
E02003548,9
E02003450,9
E02003446,9
E02004715,9
E02004753,9
E02005928,9
E02006461,9
E02004259,9
E02004258,9
E02006006,9
E02006458,9
E02003594,9
E02006356,9
E02005937,9
E02005948,9
E02003439,9
E02006672,9
E02004616,9
E02005923,9
E02004819,9
E02003378,9
E02004266,9
E02004786,9
E02004683,9
E02004289,9
E02004734,9
E02004740,9
E02004770,9
E02006563,9
E02003357,9
E02003398,9
E02006975,9
E02005973,9
E02006441,9
E02005980,9
E02004271,9
E02004261,9
E02006353,9
E02004257,9
E02004772,9
E02003586,9
E02004809,9
E02006572,9
E02006570,9
E02006465,9
E02003456,9
E02005955,9
E02003368,9
E02005947,9
E02006676,9
E02005924,9
E02003655,9
E02006352,9
E02003572,9
E02005976,9
E02003372,9
E02006359,9
E02006663,9
E02004708,9
E02004280,9
E02003529,9
E02006427,9
E02005974,9
E02004779,9
E02004768,9
E02003402,9
E02004251,9
E02006401,9
E02006453,9
E02004245,9
E02004681,9
E02005993,9
E02004756,9
E02003189,9
E02003377,9
E02006463,9
E02005959,9
E02003571,9
E02004254,9
E02005969,9
E02004761,9
E02003173,9
E02004778,9
E02003458,9
E02005994,9
E02004705,9
E02004769,9
E02003578,9
E02004281,9
E02003554,9
E02006396,9
E02006542,9
E02004795,9
E02006642,9
E02006418,9
E02005999,9
E02004775,9
E02004721,9
E02004782,9
E02004835,9
E02004757,9
E02003449,9
E02006361,9
E02005956,9
E02003192,9
E02004238,9
E02003661,9
E02004272,9
E02004265,9
E02003457,9
E02003374,9
E02004825,9
E02003373,9
E02003386,9
E02004807,9
E02004704,9
E02005991,9
E02004742,9
E02006455,9
E02006557,9
E02005972,9
E02006420,9
E02003362,9
E02006456,9
E02006440,9
E02003568,9
E02003566,9
E02004752,9
E02003203,9
E02004697,9
E02004287,9
E02004682,9
E02006399,9
E02004743,9
E02003451,9
E02005940,9
E02004747,9
E02006417,9
E02004839,9
E02003356,9
E02006349,9
E02003382,9
E02004794,9
E02004805,9
E02005961,9
E02003580,9
E02006462,9
E02003575,9
E02004699,9
E02004275,9
E02003383,9
E02004264,9
E02004823,9
E02003584,9
E02003543,9
E02003579,9
E02003200,9
E02004714,9
E02004838,9
E02004694,9
E02004836,9
E02003191,9
E02004834,9
E02004826,9
E02006351,9
E02005946,9
E02003444,9
E02005930,9
E02003182,9
E02004791,9
E02003387,9
E02004800,9
E02005690,9
E02003564,9
E02003393,9
E02006332,9
E02003183,9
E02003453,9
E02005971,9
E02004698,9
E02004760,9
E02004744,9
E02006565,9
E02004829,9
E02003565,9
E02006568,9
E02005938,9
E02003525,9
E02003562,9
E02005986,9
E02003196,9
E02004806,9
E02005687,9
E02005949,9
E02004730,9
E02003400,9
E02006559,9
E02004765,9
E02003441,9
E02006348,9
E02006466,9
E02004813,9
E02004767,9
E02004738,9
E02006357,9
E02005978,9
E02003197,9
E02004268,9
E02003202,9
E02004739,9
E02006670,9
E02006885,9
E02003210,9
E02003204,9
E02003379,9
E02003185,9
E02004729,9
E02006447,9
E02003553,9
E02003195,9
E02004759,9
E02005944,9
E02004693,9
E02004732,9
E02003538,9
E02003371,9
E02003353,9
E02005983,9
E02005950,9
E02006424,9
E02006571,9
E02004728,9
E02006398,9
E02004243,9
E02003593,9
E02003442,9
E02003172,9
E02003542,9
E02005985,9
E02005979,9
E02004781,9
E02003596,9
E02003381,9
E02003352,9
E02006397,9
E02003384,9
E02003583,9
E02006567,9
E02006675,9
E02004748,9
E02003405,9
E02003581,9
E02003187,9
E02003540,9
E02004709,9
E02004824,9
E02004787,9
E02004680,9
E02004764,9
E02006667,9
E02006402,9
E02003380,9
E02006574,9
E02006555,9
E02006554,9
E02004284,9
E02003558,9
E02006454,9
E02004792,9
E02007074,9
E02004262,9
E02004776,9
E02006467,9
E02004706,9
E02004741,9
E02004727,9
E02005686,9
E02003437,9
E02003366,9
E02005929,9
E02006566,9
E02004718,9
E02004691,9
E02006556,9
E02003541,9
E02003355,9
E02004723,9
E02005933,9
E02003443,9
E02004784,9
E02004785,9
E02003178,9
E02003445,9
E02003177,9
E02005968,9
E02004244,9
E02006677,9
E02004789,9
E02003532,9
E02006669,9
E02004276,9
E02003545,9
E02004252,9
E02003392,9
E02004790,9
E02004288,9
E02004274,9
E02003354,9
E02004803,9
E02004724,9
E02003591,9
E02003536,9
E02004248,9
E02004725,9
E02004821,9
E02004808,9
E02003188,9
E02003365,9
E02003595,9
E02005998,9
E02004788,9
E02004285,9
E02006544,9
E02004780,9
E02005967,9
E02005689,9
E02003531,9
E02004804,9
E02003567,9
E02006547,9
E02004801,9
E02004675,9
E02006560,9
E02003715,9
E02006459,9
E02003385,9
E02004676,9
E02004717,9
E02006661,9
E02003184,9
E02003454,9
E02006673,9
E02004749,9
E02006665,9
E02003367,9
E02003208,9
E02003438,9
E02003589,9
E02004685,9
E02003360,9
E02003397,9
E02006003,9
E02006423,9
E02004841,9
E02004731,9
E02003404,9
E02007025,9
E02003440,9
E02003524,9
E02004678,9
E02006345,9
E02005925,9
E02006457,9
E02003527,9
E02004726,9
E02003530,9
E02005931,9
E02003364,9
E02004793,9
E02006426,9
E02006664,9
E02003358,9
E02004751,9
E02003391,9
E02003359,9
E02003533,9
E02006883,9
E02004817,9
E02003179,9
E02005997,9
E02003181,9
E02004783,9
E02006558,9
E02005960,9
E02003209,9
E02004758,9
E02006464,9
E02006449,9
E02003174,9
E02005970,9
E02003557,9
E02003537,9
E02006553,9
E02006445,9
E02006005,9
E02006347,9
E02004690,9
E02006564,9
E02004736,9
E02003570,9
E02003199,9
E02005984,9
E02003190,9
E02004716,9
E02003422,9
E02004842,9
E02005932,9
E02003201,9
E02006939,9
E02004253,9
E02004750,9
E02004692,9
E02003551,9
E02004712,9
E02004260,9
E02003375,9
E02003546,9
E02005957,9
E02004802,9
E02004754,9
E02004688,9
E02003526,9
E02006350,9
E02004677,9
E02004777,9
E02004832,9
E02003547,9
E02003447,9
E02005927,9
E02004833,9
E02007078,9
E02004242,9
E02004720,9
E02003552,9
E02003421,9
E02003388,9
E02006425,9
E02005951,9
E02005988,9
E02005996,9
E02005975,9
E02006442,9
E02006573,9
E02004774,9
E02004814,9
E02003194,9
E02006671,9
E02004267,9
E02004837,9
E02003576,9
E02004282,9
E02007116,9
E02006886,9
E02006419,9
E02003587,9
E02006569,9
E02003544,9
E02004236,9
E02005691,9
E02004695,9
E02004710,9
E02003207,9
E02004811,9
E02006446,9
E02003561,9
E02004689,9
E02005939,9
E02003455,9
E02003205,9
E02006355,9
E02004278,9
E02006004,9
E02006444,9
E02007007,9
E02004737,9
E02006358,9
E02006422,9
E02004713,9
E02004771,9
E02005921,9
E02003390,9
E02005941,9
E02003401,9
E02006360,9
E02005954,9
E02004827,9
E02006443,9
E02004746,9
E02006421,9
E02003363,9
E02005995,9
E02004798,9
E02004733,9
E02004249,9
E02006561,9
E02005977,9
E02005953,9
E02005964,9
E02004796,9
E02004722,9
E02004755,9
E02005934,9
E02004686,9
E02005987,9
E02005936,9
E02004283,9
E02006448,9
E02003376,9
E02006007,9
E02003573,9
E02003582,9
E02005982,9
E02003389,9
E02004820,9
E02006439,9
E02004707,9
E02004703,9
E02003370,9
E02003369,9
E02006674,9
E02004250,9
E02003198,9
E02004799,9
E02006666,9
E02006668,9
E02003598,9
E02004702,9
E02006344,9
E02006416,9
E02004237,9
E02003592,9
E02004810,9
E02005945,9
E02005992,9
E02003176,9
E02003175,9
E02004239,9
E02003569,9
E02003585,9
E02003563,9
E02004279,9
E02006400,9
E02004812,9
E02003555,9
E02003559,9
E02004719,9
E02005966,9
